AVG-10,AVG-W,STDDEV-W,LABEL
65,65,0,asleep
67,66,1,asleep
67,66,1,asleep
67,67,1,asleep
64,66,1,asleep
63,66,2,asleep
66,66,2,asleep
64,65,2,asleep
62,65,2,asleep
61,65,2,asleep
64,64,2,asleep
65,64,2,asleep
61,64,2,asleep
64,63,2,asleep
65,63,2,asleep
66,64,2,asleep
65,64,2,asleep
65,64,2,asleep
65,64,2,asleep
64,64,1,asleep
63,64,1,asleep
64,64,1,asleep
64,64,1,asleep
64,64,1,asleep
64,64,1,asleep
64,64,1,asleep
64,64,1,asleep
65,64,1,asleep
65,64,1,asleep
64,64,1,asleep
64,64,0,asleep
64,64,0,asleep
65,64,1,asleep
65,64,1,asleep
66,65,1,asleep
65,65,1,asleep
64,65,1,asleep
65,65,1,asleep
65,65,1,asleep
64,65,1,asleep
64,65,1,asleep
64,65,1,asleep
64,65,1,asleep
66,65,1,asleep
65,65,1,asleep
65,65,1,asleep
65,65,1,asleep
65,65,1,asleep
65,65,1,asleep
66,65,1,asleep
65,65,1,asleep
65,65,1,asleep
65,65,1,asleep
65,65,0,asleep
65,65,1,asleep
66,65,1,asleep
66,65,1,asleep
64,65,1,asleep
65,65,1,asleep
65,65,1,asleep
65,65,1,asleep
65,65,1,asleep
65,65,1,asleep
64,65,1,asleep
64,65,1,asleep
65,65,1,asleep
63,64,1,asleep
61,64,1,asleep
62,64,1,asleep
62,63,1,asleep
64,63,1,asleep
63,63,1,asleep
63,63,1,asleep
61,63,1,asleep
65,63,1,asleep
65,63,1,asleep
63,63,1,asleep
64,63,1,asleep
62,63,1,asleep
61,63,1,asleep
62,63,1,asleep
62,63,2,asleep
63,63,2,asleep
63,63,1,asleep
65,63,1,asleep
64,63,1,asleep
64,63,1,asleep
65,63,1,asleep
65,63,1,asleep
65,64,1,asleep
61,64,1,asleep
64,64,1,asleep
62,64,1,asleep
61,63,2,asleep
63,63,2,asleep
63,63,2,asleep
63,63,2,asleep
64,63,2,asleep
63,63,1,asleep
60,62,1,asleep
60,62,2,asleep
61,62,1,asleep
60,62,2,asleep
61,62,2,asleep
62,62,2,asleep
63,62,2,asleep
62,61,1,asleep
63,61,1,asleep
62,61,1,asleep
63,61,1,asleep
63,62,1,asleep
61,62,1,asleep
62,62,1,asleep
61,62,1,asleep
60,62,1,asleep
60,62,1,asleep
61,62,1,asleep
61,61,1,asleep
61,61,1,asleep
60,61,1,asleep
61,61,1,asleep
61,61,1,asleep
61,61,0,asleep
60,61,1,asleep
58,60,1,asleep
58,60,1,asleep
59,60,1,asleep
58,60,1,asleep
57,59,2,asleep
58,59,2,asleep
60,59,1,asleep
61,59,1,asleep
59,59,1,asleep
59,59,1,asleep
60,59,1,asleep
61,59,1,asleep
60,59,1,asleep
59,59,1,asleep
60,60,1,asleep
58,59,1,asleep
58,59,1,asleep
58,59,1,asleep
57,59,1,asleep
56,59,1,asleep
59,59,1,asleep
60,58,1,asleep
63,59,2,asleep
63,59,2,asleep
65,60,3,asleep
61,60,3,asleep
60,60,3,asleep
60,60,3,asleep
63,61,3,asleep
67,62,3,asleep
64,62,2,asleep
61,63,2,asleep
59,62,2,asleep
60,62,3,asleep
61,62,2,asleep
60,61,2,asleep
61,62,2,asleep
57,61,3,asleep
60,61,3,asleep
62,61,2,asleep
61,60,1,asleep
60,60,1,asleep
63,60,2,asleep
59,60,2,asleep
58,60,2,asleep
58,60,2,asleep
60,60,2,asleep
59,60,2,asleep
59,60,2,asleep
62,60,2,asleep
57,60,2,asleep
61,60,2,asleep
61,59,2,asleep
60,60,2,asleep
58,60,2,asleep
53,59,3,asleep
60,59,3,asleep
58,59,3,asleep
57,59,3,asleep
59,59,2,asleep
57,59,2,asleep
59,58,2,asleep
58,58,2,asleep
55,57,2,asleep
57,57,2,asleep
57,58,1,asleep
54,57,2,asleep
58,57,2,asleep
58,57,2,asleep
53,57,2,asleep
56,56,2,asleep
54,56,2,asleep
54,56,2,asleep
53,55,2,asleep
54,55,2,asleep
53,55,2,asleep
52,54,2,asleep
55,54,2,asleep
57,54,2,asleep
56,54,2,asleep
57,54,2,asleep
56,55,2,asleep
58,55,2,asleep
55,55,2,asleep
54,55,2,asleep
52,55,2,asleep
55,55,2,asleep
59,56,2,asleep
56,56,2,asleep
56,56,2,asleep
55,56,2,asleep
56,56,2,asleep
56,55,2,asleep
56,56,2,asleep
53,55,2,asleep
56,56,1,asleep
56,56,1,asleep
56,56,1,asleep
58,56,1,asleep
55,56,1,asleep
59,56,2,asleep
57,56,2,asleep
56,56,2,asleep
55,56,2,asleep
60,57,2,asleep
56,57,2,asleep
60,57,2,asleep
57,57,2,asleep
55,57,2,asleep
55,57,2,asleep
55,56,2,asleep
58,57,2,asleep
58,57,2,asleep
55,57,2,asleep
57,57,2,asleep
56,57,2,asleep
58,56,1,asleep
58,56,1,asleep
59,57,2,asleep
59,57,2,asleep
54,57,2,asleep
55,57,2,asleep
53,56,2,asleep
58,57,2,asleep
59,57,2,asleep
59,57,2,asleep
60,58,2,asleep
58,58,2,asleep
55,57,3,asleep
59,57,3,asleep
59,58,2,asleep
55,57,2,asleep
56,58,2,asleep
55,57,2,asleep
56,57,2,asleep
57,57,2,asleep
57,57,2,asleep
59,57,2,asleep
57,57,2,asleep
59,57,2,asleep
57,57,1,asleep
57,57,1,asleep
58,57,1,asleep
57,57,1,asleep
58,58,1,asleep
59,58,1,asleep
57,58,1,asleep
58,58,1,asleep
58,58,1,asleep
58,58,1,asleep
58,58,1,asleep
57,58,1,asleep
60,58,1,asleep
58,58,1,asleep
58,58,1,asleep
58,58,1,asleep
57,58,1,asleep
58,58,1,asleep
58,58,1,asleep
58,58,1,asleep
58,58,1,asleep
56,58,1,asleep
58,58,1,asleep
58,58,1,asleep
58,58,1,asleep
55,57,1,asleep
58,57,1,asleep
61,58,2,asleep
55,57,2,asleep
56,57,2,asleep
57,57,2,asleep
55,57,2,asleep
58,57,2,asleep
58,57,2,asleep
59,57,2,asleep
59,57,2,asleep
59,58,2,asleep
62,58,2,asleep
61,58,2,asleep
60,59,2,asleep
65,59,3,asleep
63,60,2,asleep
65,61,3,asleep
63,61,2,asleep
61,62,2,asleep
60,62,2,asleep
59,62,2,asleep
59,62,2,asleep
63,62,2,asleep
68,63,3,asleep
65,63,3,asleep
65,63,3,asleep
62,62,3,asleep
63,62,3,asleep
62,63,3,asleep
60,62,3,asleep
61,63,3,asleep
61,63,2,asleep
59,63,2,asleep
62,62,2,asleep
63,62,2,asleep
63,62,1,asleep
62,62,1,asleep
62,61,1,asleep
62,61,1,asleep
61,61,1,asleep
61,61,1,asleep
61,61,1,asleep
62,62,1,asleep
62,62,1,asleep
62,62,1,asleep
61,61,1,asleep
63,62,1,asleep
61,61,1,asleep
62,61,1,asleep
59,61,1,asleep
60,61,1,asleep
58,61,2,asleep
60,61,2,asleep
57,60,2,asleep
59,60,2,asleep
58,60,2,asleep
58,59,2,asleep
59,59,1,asleep
57,58,1,asleep
58,58,1,asleep
55,58,1,asleep
59,58,1,asleep
51,57,2,asleep
54,57,3,asleep
53,56,3,asleep
55,56,3,asleep
54,56,3,asleep
55,55,2,asleep
56,55,2,asleep
57,55,2,asleep
54,55,2,asleep
57,55,2,asleep
57,55,1,asleep
57,56,1,asleep
59,56,2,asleep
59,57,2,asleep
59,57,2,asleep
58,57,1,asleep
59,58,1,asleep
59,58,1,asleep
58,58,1,asleep
59,59,1,asleep
59,59,1,asleep
59,59,0,asleep
56,58,1,asleep
61,59,1,asleep
60,59,1,asleep
60,59,1,asleep
59,59,1,asleep
59,59,1,asleep
61,59,2,asleep
60,59,2,asleep
60,59,2,asleep
57,59,2,asleep
59,60,1,asleep
60,60,1,asleep
60,60,1,asleep
63,60,2,asleep
62,60,2,asleep
66,61,2,asleep
62,61,3,asleep
64,61,3,asleep
62,61,3,asleep
63,62,2,asleep
59,62,2,asleep
61,62,2,asleep
61,62,2,asleep
61,62,2,asleep
59,62,2,asleep
62,61,2,asleep
62,61,2,asleep
56,61,2,asleep
49,59,4,asleep
49,58,5,asleep
51,57,5,asleep
52,56,5,asleep
54,56,5,asleep
62,56,5,asleep
64,56,6,asleep
60,56,6,asleep
59,56,5,asleep
58,56,5,asleep
63,57,5,asleep
61,58,5,asleep
61,59,4,asleep
60,60,3,asleep
61,61,2,asleep
62,61,2,asleep
62,61,1,asleep
62,61,1,asleep
64,61,2,asleep
61,62,1,asleep
61,62,1,asleep
65,62,1,asleep
63,62,1,asleep
64,63,1,asleep
58,62,2,asleep
58,62,2,asleep
53,61,4,asleep
57,60,4,asleep
55,60,4,asleep
42,58,7,asleep
58,57,7,asleep
63,57,7,asleep
60,57,6,asleep
58,56,6,asleep
68,57,7,asleep
67,58,8,asleep
67,59,8,asleep
52,59,8,asleep
56,59,8,asleep
55,60,6,asleep
68,61,6,asleep
64,61,6,asleep
56,61,6,asleep
62,61,6,asleep
68,61,6,asleep
67,61,6,asleep
67,61,6,asleep
65,63,5,asleep
64,63,5,asleep
64,64,4,asleep
67,64,4,asleep
66,65,4,asleep
62,65,2,asleep
60,65,2,asleep
68,65,2,asleep
66,65,2,asleep
67,65,2,asleep
65,65,2,asleep
66,65,2,asleep
66,65,2,asleep
67,65,2,asleep
68,65,2,asleep
67,66,2,asleep
67,67,1,asleep
67,67,1,asleep
66,67,1,asleep
66,67,1,asleep
66,67,1,asleep
67,67,1,asleep
68,67,1,asleep
68,67,1,asleep
51,65,5,asleep
60,65,5,asleep
68,65,5,asleep
67,65,5,asleep
67,65,5,asleep
59,64,6,asleep
66,64,6,asleep
68,64,6,asleep
67,64,6,asleep
66,64,6,asleep
66,65,3,asleep
66,66,3,asleep
66,66,3,asleep
66,65,3,asleep
66,65,3,asleep
66,66,1,asleep
66,66,1,asleep
62,66,1,asleep
63,65,1,asleep
60,65,2,asleep
54,63,4,asleep
65,63,4,asleep
67,63,4,asleep
67,64,4,asleep
67,64,4,asleep
65,64,4,asleep
66,64,4,asleep
65,64,4,asleep
66,64,4,asleep
65,65,4,asleep
65,66,1,asleep
66,66,1,asleep
66,66,1,asleep
63,65,1,asleep
62,65,1,asleep
62,65,2,asleep
62,64,2,asleep
63,64,2,asleep
62,64,2,asleep
63,63,1,asleep
63,63,1,asleep
63,63,1,asleep
63,63,1,asleep
62,63,1,asleep
63,63,1,asleep
63,63,0,asleep
62,63,1,asleep
62,63,1,asleep
61,63,1,asleep
61,62,1,asleep
60,62,1,asleep
60,62,1,asleep
62,62,1,asleep
63,62,1,asleep
63,62,1,asleep
63,62,1,asleep
61,61,1,asleep
60,61,1,asleep
61,61,1,asleep
61,61,1,asleep
61,61,1,asleep
62,61,1,asleep
65,62,2,asleep
60,62,2,asleep
60,61,2,asleep
60,61,2,asleep
61,61,2,asleep
60,61,2,asleep
60,61,2,asleep
59,61,2,asleep
62,61,2,asleep
65,62,2,asleep
62,61,2,asleep
62,61,2,asleep
60,61,2,asleep
61,61,2,asleep
61,61,2,asleep
61,61,2,asleep
61,62,2,asleep
61,62,1,asleep
60,61,2,asleep
59,61,1,asleep
60,61,1,asleep
60,60,1,asleep
64,61,1,asleep
60,61,1,asleep
62,61,1,asleep
62,61,1,asleep
60,61,1,asleep
59,61,1,asleep
59,61,2,asleep
59,61,2,asleep
62,61,2,asleep
58,61,2,asleep
57,60,2,asleep
60,60,2,asleep
59,60,2,asleep
59,59,1,asleep
60,59,1,asleep
61,59,1,asleep
61,60,2,asleep
61,60,2,asleep
61,60,1,asleep
61,60,1,asleep
62,61,1,asleep
60,61,1,asleep
62,61,1,asleep
61,61,1,asleep
59,61,1,asleep
61,61,1,asleep
61,61,1,asleep
60,61,1,asleep
61,61,1,asleep
61,61,1,asleep
62,61,1,asleep
61,61,1,asleep
62,61,1,asleep
60,61,1,asleep
61,61,1,asleep
62,61,1,asleep
62,61,1,asleep
61,61,1,asleep
64,61,1,asleep
63,62,1,asleep
60,61,1,asleep
62,62,1,asleep
61,61,1,asleep
63,62,1,asleep
63,62,1,asleep
64,62,1,asleep
58,62,2,asleep
60,62,2,asleep
60,61,2,asleep
60,61,2,asleep
63,61,2,asleep
61,61,2,asleep
62,61,2,asleep
60,61,2,asleep
64,61,2,asleep
61,61,2,asleep
58,61,2,asleep
61,61,2,asleep
60,61,2,asleep
61,61,2,asleep
60,61,2,asleep
60,61,2,asleep
61,60,1,asleep
61,61,2,asleep
63,60,1,asleep
61,61,1,asleep
63,61,1,asleep
60,61,1,asleep
60,61,1,asleep
62,61,1,asleep
64,61,1,asleep
62,62,1,asleep
62,62,1,asleep
61,62,1,asleep
63,62,1,asleep
62,62,1,asleep
62,62,1,asleep
55,61,2,asleep
60,61,2,asleep
64,61,3,asleep
63,61,2,asleep
63,61,2,asleep
63,62,3,asleep
62,62,3,asleep
63,62,3,asleep
65,62,3,asleep
64,62,3,asleep
60,63,2,asleep
61,63,1,asleep
60,62,2,asleep
61,62,2,asleep
64,62,2,asleep
65,62,2,asleep
62,62,2,asleep
61,62,2,asleep
60,62,2,asleep
56,61,2,asleep
62,61,2,asleep
62,61,2,asleep
60,61,2,asleep
61,61,2,asleep
60,61,2,asleep
62,61,2,asleep
64,61,2,asleep
64,61,2,asleep
62,61,2,asleep
63,62,1,asleep
62,62,1,asleep
62,62,1,asleep
63,62,1,asleep
64,63,1,asleep
64,63,1,asleep
60,63,1,asleep
60,62,2,asleep
63,62,1,asleep
65,62,2,asleep
62,62,2,asleep
62,62,2,asleep
64,63,2,asleep
61,62,2,asleep
63,62,2,asleep
64,62,2,asleep
60,62,2,asleep
64,63,1,asleep
63,63,1,asleep
63,63,1,asleep
64,63,1,asleep
62,63,1,asleep
65,63,2,asleep
62,63,1,asleep
60,63,2,asleep
63,63,2,asleep
65,63,2,asleep
64,63,2,asleep
63,63,2,asleep
58,63,2,asleep
62,62,2,asleep
62,62,2,asleep
62,62,2,asleep
62,62,2,asleep
60,62,2,asleep
62,62,2,asleep
63,62,2,asleep
60,61,2,asleep
61,61,2,asleep
57,61,2,asleep
62,61,2,asleep
65,61,2,asleep
64,62,2,asleep
64,62,2,asleep
62,62,2,asleep
62,62,2,asleep
63,62,2,asleep
63,62,2,asleep
63,62,2,asleep
65,63,1,asleep
57,63,2,asleep
59,62,2,asleep
61,62,2,asleep
65,62,2,asleep
53,61,4,asleep
60,61,4,asleep
64,61,4,asleep
60,61,4,asleep
60,60,4,asleep
60,60,3,asleep
62,60,3,asleep
61,61,3,asleep
61,61,3,asleep
60,60,3,asleep
61,61,1,asleep
60,61,1,asleep
61,61,1,asleep
63,61,1,asleep
60,61,1,asleep
62,61,1,asleep
65,61,2,asleep
66,62,2,asleep
65,62,2,asleep
62,62,2,asleep
60,62,2,asleep
61,62,2,asleep
61,62,2,asleep
63,62,2,asleep
60,62,2,asleep
62,62,2,asleep
61,62,2,asleep
64,62,2,asleep
62,61,1,asleep
59,61,1,asleep
62,61,1,asleep
64,62,2,asleep
63,62,2,asleep
61,62,2,asleep
60,62,2,asleep
57,61,2,asleep
60,61,2,asleep
63,61,2,asleep
65,61,2,asleep
65,62,3,asleep
64,62,3,asleep
61,62,3,asleep
61,62,3,asleep
64,62,3,asleep
64,62,3,asleep
63,63,2,asleep
59,63,2,asleep
62,63,2,asleep
64,63,2,asleep
63,62,2,asleep
63,62,2,asleep
65,63,2,asleep
61,63,2,asleep
62,63,2,asleep
60,62,2,asleep
66,62,2,asleep
60,63,2,asleep
57,62,3,asleep
58,61,3,asleep
64,62,3,asleep
63,62,3,asleep
63,61,3,asleep
66,62,3,asleep
63,62,3,asleep
61,62,3,asleep
58,62,3,asleep
60,62,3,asleep
64,62,3,asleep
65,63,2,asleep
56,62,3,asleep
60,62,3,asleep
58,61,3,asleep
57,60,3,asleep
60,60,3,asleep
63,60,3,asleep
64,61,3,asleep
66,61,4,asleep
63,61,4,asleep
63,61,4,asleep
61,61,3,asleep
60,61,3,asleep
66,62,3,asleep
58,62,3,asleep
57,62,3,asleep
62,62,3,asleep
63,62,3,asleep
60,61,3,asleep
66,62,3,asleep
66,62,3,asleep
62,62,3,asleep
60,62,3,asleep
61,61,3,asleep
59,61,3,asleep
62,62,2,asleep
60,62,2,asleep
61,62,2,asleep
65,62,3,asleep
60,62,2,asleep
64,61,2,asleep
63,62,2,asleep
63,62,2,asleep
62,62,2,asleep
61,62,2,asleep
63,62,2,asleep
65,63,2,asleep
61,63,2,asleep
66,63,2,asleep
63,63,2,asleep
57,62,2,asleep
61,62,2,asleep
61,62,2,asleep
54,61,3,asleep
62,61,4,asleep
61,61,3,asleep
62,61,3,asleep
62,61,3,asleep
60,60,3,asleep
65,61,3,asleep
65,61,3,asleep
62,61,3,asleep
65,62,3,asleep
65,63,2,asleep
67,63,2,asleep
62,64,2,asleep
64,64,2,asleep
63,64,2,asleep
62,64,2,asleep
65,64,2,asleep
63,64,2,asleep
58,63,2,asleep
58,63,3,asleep
60,62,3,asleep
57,61,3,asleep
61,61,3,asleep
62,61,3,asleep
64,61,3,asleep
65,61,3,asleep
54,60,4,asleep
64,60,4,asleep
63,61,4,asleep
65,62,4,asleep
65,62,4,asleep
63,63,3,asleep
63,63,3,asleep
63,63,3,asleep
66,63,3,asleep
62,63,3,asleep
63,64,1,asleep
60,63,2,asleep
63,63,2,asleep
66,63,2,asleep
55,62,3,asleep
66,63,3,asleep
67,63,4,asleep
67,63,4,asleep
62,63,4,asleep
61,63,4,asleep
61,63,4,asleep
63,63,4,asleep
57,62,4,asleep
63,62,4,asleep
65,63,3,asleep
64,63,3,asleep
61,62,3,asleep
64,62,2,asleep
62,62,2,asleep
60,62,2,asleep
62,62,2,asleep
58,61,3,asleep
63,62,2,asleep
63,62,2,asleep
62,62,2,asleep
65,62,2,asleep
64,62,2,asleep
61,62,2,asleep
61,62,2,asleep
61,62,2,asleep
65,62,2,asleep
57,62,2,asleep
58,62,3,asleep
64,62,3,asleep
63,62,3,asleep
62,61,2,asleep
60,61,2,asleep
61,61,2,asleep
62,61,2,asleep
51,60,4,asleep
59,59,4,asleep
64,60,4,asleep
63,61,4,asleep
62,60,4,asleep
61,60,4,asleep
64,61,4,asleep
67,61,4,asleep
68,62,5,asleep
67,62,5,asleep
63,64,3,asleep
64,64,2,asleep
63,64,2,asleep
64,64,2,asleep
66,65,2,asleep
65,65,2,asleep
66,65,2,asleep
65,65,2,asleep
65,65,1,asleep
66,65,1,asleep
67,65,1,asleep
62,65,2,asleep
54,64,4,asleep
60,64,4,asleep
62,63,4,asleep
63,63,4,asleep
64,63,4,asleep
63,63,4,asleep
65,63,4,asleep
66,63,4,asleep
66,63,3,asleep
64,63,4,asleep
65,64,2,asleep
66,64,2,asleep
66,65,1,asleep
61,65,2,asleep
62,64,2,asleep
62,64,2,asleep
60,64,2,asleep
62,63,2,asleep
64,63,2,asleep
66,63,2,asleep
65,63,2,asleep
63,63,2,asleep
60,62,2,asleep
57,62,3,asleep
63,62,3,asleep
65,62,3,asleep
61,62,3,asleep
65,63,3,asleep
66,63,3,asleep
64,63,3,asleep
66,63,3,asleep
63,63,3,asleep
59,63,3,asleep
66,64,2,asleep
66,64,2,asleep
64,64,2,asleep
64,64,2,asleep
64,64,2,asleep
63,64,2,asleep
64,64,2,asleep
61,63,2,asleep
63,63,2,asleep
66,64,2,asleep
64,64,2,asleep
64,63,1,asleep
64,63,1,asleep
65,64,1,asleep
64,64,1,asleep
65,64,1,asleep
66,64,2,asleep
65,64,1,asleep
65,65,1,asleep
64,65,1,asleep
63,64,1,asleep
61,64,1,asleep
61,64,2,asleep
63,64,2,asleep
63,63,2,asleep
62,63,2,asleep
62,63,1,asleep
63,63,1,asleep
65,63,1,asleep
65,63,2,asleep
64,63,2,asleep
65,63,1,asleep
66,64,1,asleep
61,64,2,asleep
64,64,2,asleep
65,64,2,asleep
65,64,1,asleep
63,64,1,asleep
63,64,1,asleep
64,64,1,asleep
66,64,1,asleep
62,64,2,asleep
66,64,2,asleep
63,64,1,asleep
62,64,1,asleep
65,64,1,asleep
67,64,2,asleep
62,64,2,asleep
61,64,2,asleep
62,64,2,asleep
64,63,2,asleep
64,64,2,asleep
65,63,2,asleep
63,63,2,asleep
61,63,2,asleep
62,63,2,asleep
63,63,1,asleep
66,63,2,asleep
64,63,2,asleep
66,64,2,asleep
67,64,2,asleep
67,64,2,asleep
63,64,2,asleep
63,64,2,asleep
63,64,2,asleep
66,65,2,asleep
66,65,2,asleep
66,65,2,asleep
60,65,2,asleep
62,64,2,asleep
65,64,2,asleep
63,64,2,asleep
62,64,2,asleep
60,63,2,asleep
64,63,2,asleep
64,63,2,asleep
64,63,2,asleep
63,63,2,asleep
61,63,1,asleep
64,63,1,asleep
64,63,1,asleep
62,63,1,asleep
64,63,1,asleep
65,63,1,asleep
67,64,2,asleep
66,64,2,asleep
62,64,2,asleep
65,64,2,asleep
66,64,2,asleep
66,65,2,asleep
61,64,2,asleep
58,64,3,asleep
60,64,3,asleep
63,63,3,asleep
61,63,3,asleep
63,63,3,asleep
61,62,3,asleep
64,62,3,asleep
63,62,2,asleep
61,62,2,asleep
64,62,2,asleep
67,63,2,asleep
68,63,2,asleep
64,64,2,asleep
64,64,2,asleep
62,64,2,asleep
62,64,2,asleep
65,64,2,asleep
66,64,2,asleep
65,65,2,asleep
64,65,2,asleep
63,64,2,asleep
65,64,1,asleep
66,64,1,asleep
64,64,1,asleep
62,64,1,asleep
61,64,1,asleep
60,63,2,asleep
64,63,2,asleep
62,63,2,asleep
60,63,2,asleep
59,62,2,asleep
61,62,2,asleep
63,62,2,asleep
59,61,2,asleep
62,61,2,asleep
60,61,2,asleep
63,61,2,asleep
64,61,1,asleep
64,61,2,asleep
64,62,2,asleep
64,62,2,asleep
62,62,2,asleep
63,62,2,asleep
63,63,1,asleep
63,63,1,asleep
65,63,1,asleep
65,64,1,asleep
54,63,3,asleep
58,62,4,asleep
63,62,4,asleep
62,62,4,asleep
58,62,4,asleep
59,61,4,asleep
62,61,4,asleep
63,61,4,asleep
65,61,4,asleep
61,60,3,asleep
60,61,2,asleep
62,61,2,asleep
65,62,2,asleep
65,62,3,asleep
63,62,2,asleep
64,63,2,asleep
65,63,2,asleep
63,63,2,asleep
63,63,2,asleep
65,63,2,asleep
64,64,1,asleep
65,64,1,asleep
60,64,2,asleep
60,63,2,asleep
63,63,2,asleep
65,63,2,asleep
66,63,2,asleep
63,63,2,asleep
63,63,2,asleep
62,63,2,asleep
66,63,2,asleep
62,63,2,asleep
57,63,3,asleep
60,63,3,asleep
63,63,3,asleep
66,63,3,asleep
64,63,3,asleep
61,62,3,asleep
63,62,3,asleep
65,63,3,asleep
66,63,3,asleep
66,63,3,asleep
66,64,2,asleep
64,64,2,asleep
64,64,2,asleep
65,64,2,asleep
64,64,2,asleep
62,64,1,asleep
63,64,1,asleep
63,64,1,asleep
61,64,2,asleep
61,63,2,asleep
63,63,1,asleep
66,63,2,asleep
63,63,2,asleep
61,63,2,asleep
61,62,2,asleep
62,62,2,asleep
63,62,2,asleep
64,63,2,asleep
62,63,2,asleep
64,63,1,asleep
65,63,2,asleep
62,63,1,asleep
63,63,1,asleep
65,63,1,asleep
64,63,1,asleep
62,63,1,asleep
63,63,1,asleep
61,63,1,asleep
62,63,1,asleep
65,63,1,asleep
65,63,1,asleep
62,63,2,asleep
62,63,2,asleep
64,63,1,asleep
65,63,2,asleep
65,63,2,asleep
64,63,2,asleep
63,64,1,asleep
64,64,1,asleep
57,63,3,asleep
63,63,2,asleep
66,63,3,asleep
62,63,3,asleep
63,63,3,asleep
62,63,2,asleep
62,62,2,asleep
65,62,2,asleep
64,63,2,asleep
64,63,2,asleep
63,63,1,asleep
63,63,1,asleep
64,63,1,asleep
63,63,1,asleep
64,63,1,asleep
64,64,1,asleep
65,64,1,asleep
64,64,1,asleep
63,64,1,asleep
64,64,1,asleep
64,64,1,asleep
64,64,1,asleep
62,64,1,asleep
53,63,4,asleep
62,62,3,asleep
59,62,4,asleep
58,61,4,asleep
56,60,4,asleep
54,59,4,asleep
57,59,4,asleep
55,58,4,asleep
57,57,3,asleep
60,57,3,asleep
61,58,3,asleep
61,58,2,asleep
61,58,3,asleep
55,58,3,asleep
57,58,3,asleep
56,58,2,asleep
60,58,3,asleep
63,59,3,asleep
62,60,3,asleep
62,60,3,asleep
54,59,3,asleep
58,59,3,asleep
61,59,3,asleep
62,59,3,asleep
61,60,3,asleep
64,61,3,asleep
57,60,3,asleep
60,60,3,asleep
61,60,3,asleep
62,60,3,asleep
65,61,2,asleep
63,61,2,asleep
63,62,2,asleep
63,62,2,asleep
64,62,2,asleep
63,62,2,asleep
63,63,1,asleep
62,63,1,asleep
63,63,1,asleep
62,63,1,asleep
62,63,1,asleep
59,62,1,asleep
64,62,1,asleep
65,63,2,asleep
61,62,2,asleep
63,62,2,asleep
62,62,2,asleep
63,62,2,asleep
62,62,2,asleep
64,62,2,asleep
66,63,2,asleep
65,64,1,asleep
63,63,1,asleep
61,63,1,asleep
64,63,1,asleep
61,63,2,asleep
61,63,2,asleep
60,63,2,asleep
64,63,2,asleep
64,63,2,asleep
62,63,2,asleep
62,62,1,asleep
64,62,2,asleep
67,63,2,asleep
65,63,2,asleep
63,63,2,asleep
64,63,2,asleep
63,64,1,asleep
65,64,2,asleep
64,64,2,asleep
59,64,2,asleep
63,64,2,asleep
61,63,2,asleep
61,63,2,asleep
63,62,2,asleep
66,63,2,asleep
57,62,3,asleep
59,62,3,asleep
63,61,3,asleep
66,62,3,asleep
62,62,3,asleep
62,62,3,asleep
62,62,3,asleep
63,62,3,asleep
62,62,3,asleep
64,62,2,asleep
58,62,2,asleep
64,62,2,asleep
63,62,2,asleep
48,61,5,asleep
56,60,5,asleep
60,60,5,asleep
55,59,5,asleep
57,59,5,asleep
57,58,5,asleep
63,58,5,asleep
61,58,5,asleep
57,58,4,asleep
49,56,5,asleep
51,57,4,asleep
48,56,5,asleep
58,55,5,asleep
45,54,6,asleep
45,53,6,asleep
51,53,6,asleep
57,52,6,asleep
52,51,5,asleep
61,52,5,asleep
58,53,6,asleep
60,53,6,asleep
56,54,6,asleep
64,55,6,asleep
56,56,5,asleep
61,58,4,asleep
58,58,3,asleep
57,58,3,asleep
60,59,3,asleep
58,59,2,asleep
50,58,4,asleep
56,57,4,asleep
68,59,5,asleep
59,58,5,asleep
55,58,5,asleep
56,58,5,asleep
50,57,5,asleep
62,57,5,asleep
59,57,5,asleep
63,58,6,asleep
63,59,5,asleep
59,59,5,asleep
61,59,4,asleep
65,59,5,asleep
64,60,4,asleep
63,61,4,asleep
58,62,2,asleep
62,62,2,asleep
57,61,3,asleep
56,61,3,asleep
56,60,3,asleep
61,60,3,asleep
67,61,4,asleep
68,61,4,asleep
51,60,5,asleep
64,60,5,asleep
67,61,6,asleep
65,61,6,asleep
67,62,6,asleep
60,62,6,asleep
57,63,5,asleep
58,62,6,asleep
56,61,6,asleep
60,60,5,asleep
59,61,4,asleep
55,60,4,asleep
57,59,4,asleep
62,59,3,asleep
62,58,2,asleep
61,59,2,asleep
62,59,3,asleep
55,59,3,asleep
67,60,4,asleep
61,60,4,asleep
64,60,4,asleep
63,61,3,asleep
67,62,3,asleep
67,63,4,asleep
65,63,4,asleep
62,63,4,asleep
63,63,4,asleep
65,64,2,asleep
64,64,2,asleep
66,65,2,asleep
59,64,2,asleep
64,64,2,asleep
65,64,2,asleep
65,64,2,asleep
65,64,2,asleep
57,63,3,asleep
67,64,3,asleep
62,63,3,asleep
67,64,3,asleep
65,64,3,asleep
64,64,3,asleep
63,64,3,asleep
66,64,3,asleep
63,64,3,asleep
63,64,3,asleep
65,65,2,asleep
65,64,2,asleep
64,65,1,asleep
65,64,1,asleep
64,64,1,asleep
65,64,1,asleep
65,65,1,asleep
64,64,1,asleep
65,65,1,asleep
63,65,1,asleep
65,65,1,asleep
61,64,1,asleep
64,64,1,asleep
64,64,1,asleep
64,64,1,asleep
64,64,1,asleep
66,64,1,asleep
64,64,1,asleep
64,64,1,asleep
59,64,2,asleep
62,63,2,asleep
65,64,2,asleep
63,63,2,asleep
63,63,2,asleep
65,63,2,asleep
66,64,2,asleep
64,63,2,asleep
61,63,2,asleep
64,63,2,asleep
63,64,2,asleep
64,64,1,asleep
65,64,1,asleep
66,64,2,asleep
66,65,2,asleep
68,65,2,asleep
66,65,2,asleep
62,65,2,asleep
62,65,2,asleep
66,65,2,asleep
66,65,2,asleep
66,65,2,asleep
65,65,2,asleep
68,66,2,asleep
66,66,2,asleep
65,65,2,asleep
58,64,3,asleep
67,65,3,asleep
67,65,3,asleep
68,66,3,asleep
60,65,3,asleep
59,64,4,asleep
62,64,4,asleep
61,63,4,asleep
66,63,4,asleep
62,63,4,asleep
67,64,3,asleep
65,64,3,asleep
62,63,3,asleep
62,63,3,asleep
64,63,2,asleep
66,64,2,asleep
68,64,2,asleep
55,64,4,asleep
65,64,4,asleep
60,63,4,asleep
64,63,4,asleep
66,63,4,asleep
61,63,4,asleep
64,63,4,asleep
65,63,4,asleep
67,63,4,asleep
68,63,4,asleep
67,65,3,asleep
67,65,3,asleep
67,66,2,asleep
65,66,2,asleep
67,66,2,asleep
67,66,1,asleep
66,67,1,asleep
66,67,1,asleep
67,67,1,asleep
67,67,1,asleep
58,66,3,asleep
62,65,3,asleep
65,65,3,asleep
65,65,3,asleep
64,65,3,asleep
67,65,3,asleep
66,65,3,asleep
59,64,3,asleep
64,64,3,asleep
65,64,3,asleep
66,64,2,asleep
64,65,2,asleep
66,65,2,asleep
66,65,2,asleep
65,65,2,asleep
65,65,2,asleep
67,65,2,asleep
68,66,1,asleep
67,66,1,asleep
66,66,1,asleep
66,66,1,asleep
66,66,1,asleep
67,66,1,asleep
67,66,1,asleep
66,66,1,asleep
65,66,1,asleep
63,66,1,asleep
53,65,4,asleep
56,63,5,asleep
66,63,5,asleep
59,63,5,asleep
62,62,5,asleep
66,62,5,asleep
66,62,5,asleep
68,62,5,asleep
67,63,5,asleep
68,63,5,asleep
66,64,4,asleep
59,65,3,asleep
57,64,4,asleep
53,63,5,asleep
55,62,6,asleep
54,61,6,asleep
66,61,6,asleep
66,61,6,asleep
60,60,6,asleep
60,60,5,asleep
60,59,5,asleep
67,60,5,asleep
62,60,5,asleep
55,60,5,asleep
60,61,5,asleep
61,62,4,asleep
58,61,4,asleep
66,61,4,asleep
60,61,4,asleep
65,61,4,asleep
59,61,4,asleep
62,61,4,asleep
62,61,4,asleep
59,61,3,asleep
67,62,3,asleep
65,62,3,asleep
67,63,3,asleep
68,63,3,asleep
60,63,3,asleep
57,63,4,asleep
62,63,4,asleep
66,63,4,asleep
67,64,4,asleep
61,64,4,asleep
60,63,4,asleep
66,64,4,asleep
66,63,4,asleep
62,63,3,asleep
58,63,4,asleep
66,63,3,asleep
66,64,3,asleep
59,63,3,asleep
58,62,3,asleep
64,63,3,asleep
55,62,4,asleep
57,61,4,asleep
57,60,4,asleep
55,60,4,asleep
63,60,4,asleep
57,59,4,asleep
65,59,4,asleep
67,60,5,asleep
67,61,5,asleep
66,61,5,asleep
66,62,5,asleep
66,63,5,asleep
67,64,4,asleep
67,65,3,asleep
57,64,4,asleep
65,65,3,asleep
66,65,3,asleep
68,65,3,asleep
65,65,3,asleep
67,65,3,asleep
67,65,3,asleep
67,65,3,asleep
60,65,4,asleep
61,64,4,asleep
61,65,3,asleep
59,64,4,asleep
63,64,4,asleep
58,63,4,asleep
67,63,4,asleep
61,62,3,asleep
64,62,3,asleep
66,62,3,asleep
68,63,3,asleep
60,63,3,asleep
52,62,5,asleep
57,62,5,asleep
61,61,5,asleep
60,62,5,asleep
59,61,4,asleep
61,61,4,asleep
61,60,4,asleep
59,60,4,asleep
61,59,3,asleep
62,59,3,asleep
63,60,2,asleep
62,61,1,asleep
63,61,1,asleep
62,61,1,asleep
63,62,1,asleep
62,62,1,asleep
64,62,1,asleep
64,63,1,asleep
63,63,1,asleep
62,63,1,asleep
62,63,1,asleep
63,63,1,asleep
63,63,1,asleep
66,63,1,asleep
63,63,1,asleep
62,63,1,asleep
62,63,1,asleep
63,63,1,asleep
63,63,1,asleep
65,63,1,asleep
65,63,2,asleep
61,63,2,asleep
60,63,2,asleep
64,63,2,asleep
62,63,2,asleep
62,63,2,asleep
63,63,2,asleep
64,63,2,asleep
64,63,2,asleep
63,63,2,asleep
65,63,2,asleep
63,63,2,asleep
65,64,1,asleep
65,64,1,asleep
64,64,1,asleep
60,64,1,asleep
59,63,2,asleep
63,63,2,asleep
62,63,2,asleep
63,63,2,asleep
60,62,2,asleep
62,62,2,asleep
65,62,2,asleep
62,62,2,asleep
64,62,2,asleep
62,62,2,asleep
57,62,2,asleep
61,62,2,asleep
63,62,2,asleep
63,62,2,asleep
63,62,2,asleep
66,63,2,asleep
65,63,2,asleep
64,63,2,asleep
64,63,2,asleep
61,63,2,asleep
62,63,2,asleep
61,63,1,asleep
62,63,2,asleep
61,63,2,asleep
62,63,2,asleep
64,63,1,asleep
65,63,1,asleep
62,62,1,asleep
64,62,1,asleep
66,63,2,asleep
62,63,2,asleep
53,62,3,asleep
63,62,3,asleep
65,63,3,asleep
55,62,4,asleep
61,62,4,asleep
62,61,4,asleep
62,61,4,asleep
63,61,4,asleep
62,61,4,asleep
60,61,4,asleep
64,62,3,asleep
63,62,3,asleep
57,61,3,asleep
61,62,2,asleep
60,62,2,asleep
66,62,2,asleep
62,62,2,asleep
63,62,2,asleep
61,62,2,asleep
65,62,3,asleep
62,62,2,asleep
63,62,2,asleep
66,63,2,asleep
61,63,2,asleep
62,63,2,asleep
63,63,2,asleep
63,63,2,asleep
62,63,2,asleep
65,63,2,asleep
81,81,0,active
101,91,14,active
104,95,12,active
105,98,11,active
132,105,18,active
134,109,20,active
107,109,18,active
93,107,18,active
95,106,17,active
105,106,16,active
101,108,14,active
154,113,20,active
99,112,20,active
89,111,21,active
120,110,20,active
102,106,19,active
104,106,19,active
106,107,18,active
115,109,18,active
122,111,18,active
147,116,21,active
88,109,18,active
108,110,17,active
120,113,16,active
114,113,16,active
124,115,16,active
154,120,19,active
138,123,19,active
156,127,22,active
130,128,22,active
124,126,21,active
99,127,19,active
100,126,20,active
100,124,21,active
99,122,22,active
162,126,26,active
98,121,25,active
99,117,25,active
112,112,21,active
100,109,20,active
125,109,20,active
108,110,20,active
104,111,20,active
97,110,20,active
92,110,21,active
124,106,11,active
106,107,11,active
99,107,11,active
97,105,11,active
109,106,11,active
104,104,9,active
98,103,9,active
95,102,9,active
97,102,9,active
156,108,19,active
111,107,18,active
102,107,18,active
98,107,18,active
98,107,18,active
109,107,18,active
99,106,18,active
103,107,18,active
107,108,18,active
123,111,18,active
107,106,8,active
135,108,12,active
127,110,13,active
104,111,13,active
100,111,12,active
115,112,12,active
99,112,12,active
99,112,13,active
107,112,13,active
121,111,13,active
102,111,13,active
99,107,10,active
124,107,10,active
102,107,10,active
102,107,10,active
110,107,9,active
115,108,9,active
102,109,9,active
99,108,9,active
134,109,12,active
95,108,13,active
112,110,12,active
102,107,11,active
135,111,14,active
101,110,14,active
104,110,14,active
108,109,14,active
124,111,15,active
116,113,14,active
98,109,13,active
139,114,15,active
161,119,21,active
141,123,21,active
107,120,21,active
149,125,22,active
113,126,21,active
122,127,20,active
149,130,21,active
117,130,21,active
116,131,19,active
149,132,19,active
117,128,17,active
113,125,17,active
108,125,17,active
106,121,15,active
148,124,17,active
114,124,17,active
113,120,15,active
94,118,17,active
104,117,18,active
115,113,14,active
125,114,14,active
122,115,15,active
113,115,14,active
96,114,16,active
139,113,14,active
134,115,15,active
94,114,16,active
102,114,16,active
127,117,16,active
90,114,18,active
114,113,17,active
102,111,17,active
124,112,18,active
104,113,17,active
97,109,15,active
128,108,14,active
111,110,13,active
135,113,15,active
124,113,15,active
125,116,13,active
111,116,13,active
107,116,12,active
128,117,13,active
93,116,14,active
120,118,13,active
114,117,12,active
90,115,15,active
115,113,13,active
133,114,14,active
94,110,15,active
106,110,15,active
106,110,15,active
92,106,14,active
137,111,16,active
114,110,16,active
119,111,16,active
88,110,17,active
116,111,17,active
128,110,16,active
122,113,15,active
134,116,16,active
127,118,16,active
114,120,14,active
126,119,13,active
103,118,14,active
142,120,16,active
124,124,11,active
120,124,11,active
133,125,11,active
134,126,11,active
121,124,11,active
116,123,11,active
141,126,12,active
105,124,14,active
149,128,14,active
134,128,13,active
124,128,13,active
108,126,14,active
144,128,15,active
138,128,15,active
143,130,16,active
134,132,15,active
131,131,15,active
128,133,12,active
135,132,10,active
135,132,10,active
138,134,10,active
141,137,5,active
104,133,11,active
131,132,11,active
130,131,10,active
118,129,11,active
130,129,11,active
141,130,11,active
134,130,11,active
135,130,11,active
108,127,13,active
126,126,12,active
139,129,10,active
124,128,10,active
139,129,10,active
138,131,10,active
122,131,10,active
107,127,12,active
130,127,12,active
126,126,11,active
120,127,10,active
115,126,11,active
106,123,11,active
117,122,11,active
124,120,10,active
108,117,8,active
104,116,9,active
151,120,14,active
142,121,15,active
96,118,17,active
120,118,17,active
94,116,19,active
127,118,19,active
122,119,19,active
98,116,20,active
112,117,20,active
108,117,19,active
124,114,16,active
93,109,13,active
99,110,13,active
88,107,14,active
88,106,15,active
97,103,13,active
88,99,12,active
91,99,12,active
87,96,12,active
89,94,11,active
91,91,4,active
97,91,4,active
91,91,3,active
100,92,4,active
88,92,4,active
86,91,4,active
82,90,5,active
91,90,5,active
111,92,8,active
91,93,8,active
91,93,8,active
86,92,8,active
86,91,8,active
80,89,8,active
82,89,9,active
85,88,9,active
85,89,9,active
102,90,9,active
92,88,6,active
91,88,6,active
89,88,6,active
91,88,6,active
95,89,6,active
91,90,6,active
91,91,5,active
94,92,4,active
98,93,4,active
93,92,3,active
99,93,3,active
97,94,4,active
89,94,4,active
82,93,5,active
80,91,6,active
82,90,7,active
88,90,7,active
97,91,7,active
98,91,7,active
85,90,7,active
85,88,7,active
107,89,9,active
85,89,9,active
87,90,9,active
92,91,8,active
84,91,8,active
82,90,8,active
87,89,8,active
86,88,7,active
83,88,7,active
81,87,8,active
129,89,14,active
139,95,21,active
87,95,21,active
82,94,21,active
90,94,21,active
134,100,24,active
141,105,26,active
86,105,26,active
101,107,25,active
85,107,25,active
86,103,25,active
153,104,27,active
87,104,27,active
178,114,34,active
130,118,33,active
90,114,34,active
114,111,33,active
90,111,32,active
120,113,32,active
126,117,31,active
118,121,29,active
128,118,27,active
131,122,24,active
141,119,17,active
116,117,16,active
125,121,13,active
104,120,14,active
165,127,16,active
144,130,17,active
133,130,17,active
126,131,16,active
123,131,17,active
118,129,17,active
120,127,17,active
101,126,19,active
152,128,20,active
124,130,18,active
138,128,14,active
122,126,13,active
121,124,13,active
103,122,15,active
120,122,15,active
101,120,16,active
101,118,17,active
86,117,19,active
118,113,15,active
107,112,15,active
109,109,11,active
118,108,11,active
120,108,11,active
103,108,11,active
121,108,11,active
105,109,11,active
102,109,11,active
98,110,8,active
97,108,9,active
98,107,9,active
101,106,10,active
108,105,9,active
110,104,7,active
119,106,9,active
111,105,7,active
125,107,9,active
103,107,9,active
105,108,9,active
97,108,9,active
130,111,11,active
105,111,10,active
115,112,10,active
108,112,10,active
112,111,10,active
120,112,11,active
114,111,10,active
93,110,11,active
106,110,11,active
130,113,11,active
100,110,10,active
127,112,11,active
112,112,11,active
117,113,11,active
105,112,12,active
101,110,12,active
98,109,12,active
104,110,11,active
110,110,11,active
109,108,9,active
119,110,9,active
93,107,8,active
95,105,9,active
120,105,9,active
95,105,10,active
129,107,12,active
107,108,12,active
105,108,12,active
105,108,12,active
105,107,12,active
129,108,13,active
116,111,12,active
115,113,11,active
113,112,11,active
108,113,9,active
128,113,9,active
138,116,12,active
99,116,13,active
115,117,12,active
123,118,11,active
113,117,11,active
101,115,12,active
107,114,12,active
113,114,12,active
121,116,12,active
124,115,12,active
108,112,9,active
108,113,8,active
108,113,8,active
115,112,7,active
113,112,7,active
105,112,6,active
155,117,14,active
99,116,16,active
131,117,16,active
115,116,16,active
141,119,18,active
111,119,17,active
103,119,18,active
101,117,19,active
109,117,19,active
97,116,20,active
118,112,14,active
115,114,13,active
136,114,14,active
107,114,14,active
106,110,11,active
109,110,11,active
96,109,12,active
90,108,13,active
94,107,14,active
144,111,17,active
124,112,18,active
98,110,18,active
121,109,17,active
107,109,17,active
111,109,17,active
136,112,19,active
130,115,18,active
135,120,17,active
107,121,15,active
145,121,15,active
125,121,15,active
130,125,13,active
124,125,13,active
135,128,12,active
140,131,11,active
93,126,16,active
110,124,16,active
133,124,16,active
122,126,15,active
141,125,15,active
111,124,15,active
124,123,15,active
114,122,15,active
114,120,15,active
105,117,14,active
135,121,12,active
100,120,14,active
104,117,14,active
125,117,14,active
124,116,11,active
113,116,11,active
138,117,13,active
123,118,13,active
106,117,14,active
94,116,15,active
85,111,16,active
178,119,26,active
177,126,31,active
178,132,35,active
114,131,36,active
158,135,36,active
110,132,37,active
124,132,37,active
120,134,36,active
108,135,34,active
108,138,31,active
145,134,28,active
107,127,25,active
100,119,18,active
122,120,18,active
137,118,14,active
119,119,14,active
118,118,14,active
113,118,14,active
128,120,14,active
102,119,14,active
100,115,12,active
135,117,14,active
101,117,14,active
142,119,16,active
140,120,16,active
128,121,16,active
80,117,21,active
167,122,26,active
175,127,31,active
173,134,33,active
175,142,33,active
176,146,34,active
173,153,31,active
176,156,32,active
175,160,32,active
175,164,30,active
177,174,3,active
98,167,24,active
94,159,33,active
108,152,37,active
103,145,39,active
107,138,39,active
106,132,38,active
121,126,35,active
98,118,31,active
108,112,24,active
94,104,8,active
123,106,10,active
150,112,16,active
112,112,16,active
114,113,16,active
112,114,16,active
126,116,16,active
120,116,16,active
102,116,15,active
123,118,15,active
137,122,14,active
128,122,14,active
117,119,10,active
115,119,10,active
103,118,11,active
103,117,12,active
114,116,11,active
128,117,12,active
115,118,11,active
124,118,11,active
133,118,10,active
112,117,10,active
102,115,11,active
123,116,11,active
152,121,15,active
115,122,14,active
115,122,14,active
101,119,15,active
100,118,16,active
115,117,16,active
124,116,15,active
100,115,16,active
103,115,16,active
120,115,16,active
141,113,13,active
104,112,13,active
126,113,14,active
132,116,14,active
113,118,13,active
101,116,14,active
105,114,15,active
111,115,14,active
135,119,14,active
111,118,14,active
112,115,12,active
99,114,13,active
135,115,14,active
128,115,13,active
113,115,13,active
148,120,16,active
138,123,16,active
100,122,17,active
169,125,23,active
146,129,23,active
157,133,24,active
112,135,22,active
114,133,23,active
120,132,23,active
110,131,23,active
100,127,24,active
100,123,25,active
100,123,25,active
125,118,20,active
140,118,19,active
121,114,13,active
130,116,14,active
112,116,14,active
135,117,15,active
99,116,16,active
114,118,15,active
111,119,14,active
103,119,14,active
100,116,15,active
100,112,13,active
100,110,13,active
100,107,11,active
100,106,11,active
100,103,5,active
100,103,5,active
100,101,3,active
100,100,1,active
130,103,10,active
107,104,10,active
109,105,10,active
127,107,12,active
88,106,13,active
103,106,13,active
121,109,13,active
103,109,13,active
105,109,13,active
99,109,13,active
97,106,11,active
121,107,12,active
114,108,12,active
107,106,10,active
112,108,8,active
107,109,8,active
126,109,9,active
127,112,10,active
114,112,10,active
129,115,10,active
135,119,10,active
99,117,11,active
115,117,11,active
100,116,12,active
115,117,12,active
138,120,13,active
102,117,14,active
134,118,15,active
104,117,16,active
149,119,18,active
133,119,18,active
117,121,17,active
161,125,21,active
134,129,19,active
103,127,20,active
142,128,21,active
156,133,20,active
124,132,20,active
124,134,18,active
139,133,17,active
128,133,18,active
94,130,21,active
93,124,21,active
133,124,21,active
127,126,20,active
147,126,20,active
128,124,17,active
137,125,18,active
133,126,18,active
163,128,21,active
152,131,23,active
184,140,24,active
169,147,19,active
175,151,21,active
142,153,19,active
130,151,20,active
101,149,25,active
91,144,31,active
106,141,33,active
112,136,33,active
92,130,35,active
97,122,31,active
116,116,26,active
126,111,17,active
95,107,14,active
112,105,11,active
119,107,12,active
114,109,11,active
119,110,11,active
122,111,12,active
117,114,10,active
146,119,13,active
113,118,13,active
97,115,14,active
91,115,15,active
115,115,15,active
166,120,22,active
110,120,22,active
91,117,24,active
90,114,25,active
144,116,27,active
130,115,25,active
114,115,25,active
95,115,26,active
96,115,25,active
101,114,26,active
109,108,18,active
117,109,18,active
150,115,21,active
139,119,20,active
97,115,19,active
142,116,21,active
125,117,21,active
113,119,19,active
122,121,18,active
143,126,17,active
136,128,16,active
131,130,16,active
117,126,15,active
118,124,14,active
94,124,15,active
95,119,16,active
98,117,17,active
113,117,17,active
101,115,18,active
106,111,15,active
150,112,18,active
127,112,17,active
119,112,17,active
94,110,18,active
107,111,17,active
99,111,17,active
96,111,17,active
96,109,18,active
99,109,18,active
100,109,18,active
101,104,11,active
117,103,9,active
113,102,7,active
114,104,8,active
116,105,9,active
103,105,8,active
148,110,15,active
151,116,19,active
154,121,21,active
88,120,23,active
97,120,23,active
123,120,23,active
116,121,23,active
113,121,23,active
103,119,24,active
97,119,24,active
144,118,24,active
103,114,21,active
121,110,16,active
102,112,15,active
95,112,15,active
101,109,15,active
103,108,15,active
129,110,16,active
110,110,16,active
122,113,15,active
147,113,16,active
129,116,16,active
114,115,16,active
143,119,18,active
107,121,16,active
165,127,20,active
109,128,19,active
103,125,21,active
105,124,21,active
121,124,21,active
102,120,21,active
96,116,22,active
89,114,23,active
81,108,23,active
81,105,24,active
82,97,13,active
80,94,14,active
130,97,18,active
175,104,31,active
177,109,38,active
159,115,41,active
81,114,42,active
174,122,45,active
174,131,45,active
176,141,44,active
173,150,39,active
176,159,31,active
177,164,30,active
176,164,30,active
131,160,31,active
169,161,31,active
111,164,23,active
148,161,23,active
176,161,23,active
149,159,23,active
84,150,32,active
112,143,33,active
122,138,31,active
123,133,28,active
147,134,29,active
174,135,29,active
155,139,29,active
95,134,32,active
174,133,31,active
112,130,31,active
171,138,29,active
177,145,30,active
120,145,30,active
147,147,29,active
173,150,30,active
172,150,30,active
175,152,31,active
174,160,25,active
176,160,25,active
81,157,32,active
149,154,32,active
111,148,33,active
162,152,32,active
125,150,33,active
172,150,33,active
174,150,33,active
175,150,33,active
173,150,33,active
147,147,32,active
175,156,23,active
174,159,23,active
173,165,17,active
111,160,24,active
168,164,20,active
159,163,20,active
91,154,30,active
173,154,30,active
144,151,29,active
157,152,29,active
160,151,28,active
128,146,28,active
138,143,26,active
174,149,25,active
175,150,26,active
175,152,27,active
96,152,26,active
92,144,31,active
112,141,32,active
86,134,36,active
178,135,38,active
105,133,39,active
177,137,42,active
173,137,41,active
94,129,41,active
164,128,40,active
173,135,40,active
138,140,37,active
123,141,37,active
85,141,37,active
141,137,34,active
174,144,34,active
139,140,32,active
176,141,33,active
172,149,29,active
175,150,30,active
170,149,30,active
170,153,30,active
175,158,29,active
176,167,14,active
178,171,11,active
178,171,12,active
138,171,12,active
101,163,25,active
159,162,25,active
129,157,26,active
139,154,26,active
81,145,34,active
148,143,33,active
103,135,33,active
149,133,30,active
174,132,29,active
139,132,29,active
81,130,32,active
101,124,31,active
177,129,35,active
178,133,39,active
177,143,36,active
177,145,38,active
176,153,35,active
84,146,42,active
138,143,41,active
132,142,41,active
148,149,35,active
175,156,31,active
177,156,31,active
100,148,35,active
89,140,37,active
122,134,35,active
174,134,35,active
176,143,32,active
176,147,34,active
83,142,39,active
146,142,39,active
110,135,39,active
168,134,38,active
174,142,38,active
174,150,34,active
157,154,32,active
88,145,37,active
90,137,39,active
165,135,38,active
119,139,34,active
86,133,38,active
82,130,41,active
134,127,39,active
152,125,36,active
120,119,32,active
123,116,29,active
116,119,27,active
124,122,25,active
115,117,20,active
112,116,21,active
98,118,19,active
101,119,16,active
112,117,15,active
150,117,14,active
120,117,14,active
117,116,14,active
147,119,17,active
132,120,17,active
103,119,18,active
116,119,18,active
140,124,17,active
124,126,15,active
154,130,17,active
134,129,16,active
103,127,17,active
110,126,18,active
98,121,18,active
133,122,19,active
101,121,19,active
96,119,20,active
89,114,21,active
117,114,21,active
99,108,15,active
131,108,15,active
117,109,15,active
123,110,16,active
103,111,15,active
115,109,13,active
134,112,15,active
109,114,14,active
134,118,12,active
115,118,12,active
117,120,11,active
135,120,11,active
108,119,12,active
100,117,13,active
105,117,13,active
131,119,13,active
130,118,13,active
111,119,13,active
123,117,12,active
145,120,15,active
100,119,16,active
100,115,16,active
100,114,16,active
98,114,17,active
98,114,17,active
100,110,16,active
100,108,15,active
100,106,15,active
97,104,14,active
110,100,3,active
101,101,3,active
143,105,14,active
143,109,18,active
128,112,19,active
110,113,18,active
119,115,17,active
100,115,17,active
117,117,17,active
119,119,15,active
123,120,15,active
137,124,14,active
113,121,13,active
113,118,10,active
125,118,10,active
98,116,11,active
131,118,12,active
135,121,12,active
136,123,12,active
133,124,13,active
112,123,13,active
136,123,13,active
133,125,13,active
127,126,12,active
124,126,12,active
134,130,7,active
135,130,8,active
99,127,12,active
140,127,13,active
166,130,18,active
139,133,16,active
122,132,17,active
138,132,17,active
99,129,20,active
108,128,21,active
126,127,21,active
108,124,22,active
124,127,20,active
118,125,19,active
117,120,13,active
116,118,11,active
149,120,15,active
125,119,14,active
154,125,16,active
132,127,15,active
126,127,15,active
108,127,15,active
139,128,15,active
152,132,16,active
135,134,15,active
120,134,15,active
137,133,14,active
164,137,17,active
110,132,17,active
162,135,20,active
171,140,22,active
160,145,20,active
160,147,21,active
162,148,21,active
176,152,22,active
165,157,19,active
108,154,24,active
132,151,25,active
162,156,20,active
147,154,21,active
128,150,21,active
133,147,21,active
167,148,22,active
168,149,22,active
139,145,20,active
109,139,22,active
130,141,19,active
134,142,19,active
146,140,18,active
129,138,18,active
129,138,18,active
146,140,18,active
110,134,18,active
115,129,14,active
154,130,16,active
161,135,17,active
142,137,16,active
160,139,18,active
123,137,18,active
133,137,18,active
135,138,18,active
153,138,19,active
149,142,16,active
145,145,12,active
150,145,12,active
142,143,11,active
114,140,14,active
138,138,12,active
98,135,17,active
119,134,18,active
155,136,19,active
129,134,18,active
144,133,18,active
95,128,21,active
116,125,20,active
99,121,21,active
137,123,21,active
163,125,24,active
91,125,25,active
117,125,25,active
171,126,28,active
146,128,29,active
98,123,29,active
123,126,28,active
112,126,28,active
139,130,26,active
130,129,26,active
141,127,24,active
100,128,23,active
106,127,23,active
150,125,20,active
121,122,18,active
118,124,16,active
95,121,18,active
97,120,20,active
153,121,22,active
127,121,22,active
157,122,24,active
157,128,25,active
146,132,24,active
159,133,25,active
114,132,25,active
130,133,25,active
143,138,21,active
147,143,15,active
151,143,15,active
105,141,19,active
142,139,18,active
133,137,17,active
102,133,20,active
147,131,18,active
139,134,17,active
164,137,20,active
165,140,21,active
159,141,22,active
143,140,22,active
165,146,19,active
122,144,21,active
168,147,22,active
150,152,15,active
145,152,15,active
134,151,15,active
116,147,18,active
104,141,21,active
133,138,20,active
144,138,20,active
119,134,19,active
164,138,21,active
113,132,19,active
100,127,20,active
133,126,20,active
128,125,19,active
112,125,20,active
144,129,19,active
114,127,19,active
105,123,19,active
129,124,20,active
158,124,18,active
170,129,23,active
114,131,21,active
114,129,22,active
92,125,25,active
120,126,24,active
87,120,26,active
131,122,26,active
143,126,26,active
96,123,28,active
159,123,28,active
156,121,26,active
150,125,27,active
129,126,27,active
143,131,24,active
142,134,24,active
126,138,18,active
109,135,20,active
145,136,20,active
114,137,17,active
116,133,17,active
118,129,15,active
127,127,13,active
123,126,13,active
86,121,17,active
98,116,16,active
117,115,16,active
111,115,16,active
96,111,13,active
105,110,13,active
108,109,13,active
113,108,12,active
108,106,11,active
111,105,9,active
102,107,7,active
113,108,6,active
102,107,6,active
96,105,6,active
108,106,5,active
114,107,6,active
119,108,7,active
98,107,7,active
115,108,8,active
119,108,9,active
119,110,9,active
131,112,11,active
139,116,13,active
112,117,11,active
149,122,15,active
120,122,14,active
122,122,14,active
104,123,13,active
96,121,16,active
113,120,16,active
124,121,16,active
160,124,20,active
117,122,19,active
104,121,20,active
148,121,20,active
132,122,20,active
140,124,21,active
160,129,22,active
169,137,22,active
134,139,21,active
146,141,20,active
154,140,20,active
141,143,18,active
140,146,12,active
113,143,16,active
105,140,20,active
100,136,23,active
127,133,22,active
119,128,18,active
107,125,19,active
136,124,18,active
130,122,15,active
100,118,15,active
137,117,14,active
112,117,15,active
120,119,14,active
116,120,12,active
134,121,13,active
96,119,15,active
135,122,15,active
138,122,15,active
113,120,15,active
112,121,14,active
133,121,14,active
137,124,14,active
104,122,15,active
143,125,17,active
137,125,17,active
106,126,15,active
124,125,15,active
143,125,15,active
105,125,16,active
124,126,16,active
156,128,18,active
120,126,18,active
164,132,20,active
117,130,20,active
159,132,22,active
123,133,20,active
93,130,24,active
85,124,27,active
93,123,28,active
98,121,29,active
90,114,28,active
95,112,29,active
150,110,26,active
123,111,26,active
100,105,20,active
114,104,20,active
93,104,20,active
179,114,30,active
138,118,30,active
140,122,29,active
142,127,27,active
123,130,25,active
141,129,25,active
153,132,26,active
147,137,23,active
141,140,22,active
104,141,19,active
136,137,14,active
143,137,14,active
136,137,14,active
141,137,14,active
123,137,14,active
149,137,14,active
108,133,16,active
134,131,15,active
101,127,17,active
124,129,15,active
165,132,19,active
166,135,22,active
149,136,22,active
129,135,22,active
134,136,22,active
136,135,21,active
155,139,20,active
143,140,20,active
128,143,15,active
149,146,14,active
117,141,15,active
138,138,12,active
127,136,11,active
124,135,12,active
162,138,15,active
106,135,18,active
120,131,17,active
184,136,24,active
137,136,23,active
161,138,24,active
141,140,23,active
131,139,23,active
139,141,23,active
126,141,23,active
175,142,24,active
113,143,23,active
121,143,23,active
159,140,19,active
139,140,19,active
88,133,24,active
138,133,24,active
174,137,27,active
175,141,30,active
175,145,31,active
112,139,31,active
111,139,31,active
121,139,31,active
176,141,33,active
176,144,34,active
157,151,28,active
94,147,33,active
136,143,32,active
121,138,31,active
176,138,31,active
130,140,30,active
156,144,28,active
176,150,29,active
102,142,31,active
110,136,30,active
166,137,30,active
88,136,31,active
95,132,34,active
105,130,35,active
152,128,32,active
131,128,32,active
137,126,31,active
123,121,25,active
147,125,26,active
108,125,26,active
175,126,28,active
157,133,25,active
109,134,23,active
112,135,22,active
155,135,23,active
123,135,23,active
124,133,23,active
129,134,23,active
164,136,25,active
132,138,23,active
133,134,19,active
142,132,17,active
126,134,16,active
142,137,14,active
139,135,12,active
122,135,12,active
123,135,12,active
115,134,14,active
169,134,15,active
106,132,17,active
147,133,18,active
126,131,18,active
118,131,18,active
108,127,19,active
142,128,19,active
138,129,20,active
137,130,20,active
170,136,22,active
136,133,19,active
172,139,20,active
173,142,23,active
170,146,24,active
92,144,28,active
126,145,26,active
94,141,31,active
148,142,31,active
172,145,32,active
176,146,33,active
116,144,34,active
111,138,34,active
127,133,31,active
104,127,30,active
110,128,28,active
94,125,30,active
104,126,29,active
144,126,29,active
134,122,24,active
103,115,16,active
145,118,18,active
121,119,18,active
109,117,18,active
120,118,18,active
153,123,20,active
150,128,19,active
137,132,17,active
117,129,17,active
137,129,18,active
129,132,15,active
119,129,15,active
141,131,15,active
129,133,13,active
140,135,12,active
136,133,10,active
105,129,12,active
137,129,12,active
130,130,11,active
170,133,17,active
167,137,20,active
125,138,19,active
171,141,22,active
112,139,23,active
105,136,26,active
138,136,26,active
97,135,27,active
101,131,29,active
92,128,32,active
93,120,30,active
144,118,26,active
111,116,26,active
117,111,18,active
137,113,20,active
88,112,21,active
120,110,19,active
166,117,26,active
171,124,30,active
136,128,28,active
121,131,25,active
136,130,25,active
127,132,24,active
129,133,24,active
132,133,24,active
112,135,19,active
119,135,19,active
129,131,16,active
134,127,8,active
130,127,7,active
116,126,8,active
138,127,8,active
127,127,8,active
148,128,11,active
162,131,15,active
133,134,13,active
141,136,12,active
118,135,13,active
173,139,18,active
103,136,21,active
125,137,21,active
141,137,21,active
142,138,20,active
145,138,20,active
98,132,22,active
125,131,22,active
92,126,25,active
100,124,26,active
140,121,21,active
103,121,21,active
115,120,21,active
129,119,20,active
98,115,19,active
100,110,16,active
100,110,16,active
100,108,15,active
100,109,15,active
100,109,15,active
143,109,15,active
147,113,19,active
148,116,22,active
140,118,23,active
149,123,24,active
136,126,23,active
98,126,23,active
99,126,23,active
135,130,22,active
168,136,22,active
138,136,22,active
140,135,22,active
146,135,21,active
140,135,21,active
135,133,21,active
137,134,21,active
125,136,17,active
112,137,14,active
123,136,15,active
132,133,10,active
143,133,10,active
124,132,10,active
103,127,13,active
103,124,14,active
126,123,13,active
147,124,15,active
106,122,16,active
102,121,17,active
120,120,17,active
100,117,17,active
173,120,24,active
113,119,24,active
150,124,25,active
150,129,25,active
120,128,25,active
147,128,25,active
159,133,25,active
152,138,23,active
129,139,23,active
109,140,21,active
137,137,18,active
142,139,16,active
133,138,15,active
143,137,15,active
143,139,14,active
156,140,15,active
112,135,16,active
140,134,15,active
141,135,15,active
108,135,15,active
169,139,18,active
159,140,19,active
118,139,20,active
95,134,25,active
97,129,27,active
126,126,25,active
92,124,27,active
146,125,28,active
112,122,27,active
110,122,27,active
157,121,25,active
131,118,22,active
113,118,22,active
141,123,21,active
115,124,19,active
99,122,21,active
96,122,21,active
110,118,19,active
143,122,20,active
121,123,20,active
124,119,16,active
118,118,16,active
123,119,15,active
140,119,15,active
117,119,15,active
99,119,15,active
142,124,14,active
171,130,20,active
165,132,23,active
123,132,22,active
104,130,24,active
110,129,25,active
116,129,25,active
126,127,25,active
125,128,24,active
75,75,0,resting
74,74,1,resting
81,77,4,resting
80,77,3,resting
79,78,3,resting
73,77,3,resting
75,77,3,resting
78,77,3,resting
75,77,3,resting
75,76,3,resting
73,76,3,resting
79,77,3,resting
79,76,3,resting
76,76,2,resting
79,76,3,resting
77,77,2,resting
76,77,2,resting
77,77,2,resting
80,77,2,resting
78,77,2,resting
75,78,2,resting
75,77,2,resting
75,77,2,resting
76,77,2,resting
79,77,2,resting
81,77,2,resting
80,78,2,resting
78,78,2,resting
77,77,2,resting
78,77,2,resting
72,77,3,resting
71,77,3,resting
72,76,4,resting
76,76,4,resting
71,76,4,resting
76,75,3,resting
73,74,3,resting
74,74,3,resting
75,74,2,resting
73,73,2,resting
76,74,2,resting
78,74,2,resting
69,74,3,resting
72,74,3,resting
73,74,3,resting
73,74,2,resting
74,74,2,resting
77,74,3,resting
75,74,3,resting
79,75,3,resting
79,75,3,resting
81,75,4,resting
82,76,4,resting
79,77,3,resting
77,77,3,resting
73,78,3,resting
76,78,3,resting
73,77,3,resting
72,77,3,resting
80,77,4,resting
77,77,3,resting
81,77,3,resting
75,76,3,resting
75,76,3,resting
77,76,3,resting
79,76,3,resting
79,77,3,resting
79,77,3,resting
80,78,2,resting
81,78,2,resting
81,79,2,resting
77,78,2,resting
74,78,2,resting
79,78,2,resting
77,79,2,resting
76,78,2,resting
80,78,2,resting
77,78,2,resting
79,78,2,resting
79,78,2,resting
77,78,2,resting
73,77,2,resting
77,77,2,resting
77,77,2,resting
77,77,2,resting
79,78,2,resting
77,77,2,resting
77,77,2,resting
70,76,3,resting
73,76,3,resting
79,76,3,resting
81,77,3,resting
80,77,3,resting
71,76,4,resting
65,75,5,resting
83,76,6,resting
80,76,6,resting
77,76,6,resting
71,76,6,resting
67,75,6,resting
76,75,6,resting
78,75,6,resting
78,75,6,resting
76,75,6,resting
68,75,5,resting
74,75,4,resting
75,74,4,resting
79,74,4,resting
77,75,4,resting
63,74,5,resting
76,74,5,resting
75,74,5,resting
75,74,5,resting
75,74,5,resting
75,74,4,resting
76,75,4,resting
75,75,4,resting
77,74,4,resting
81,75,4,resting
73,76,2,resting
75,76,2,resting
75,76,2,resting
75,76,2,resting
80,76,2,resting
75,76,2,resting
75,76,2,resting
78,76,2,resting
81,77,3,resting
74,76,3,resting
79,77,2,resting
78,77,2,resting
75,77,2,resting
82,78,3,resting
78,77,3,resting
75,77,3,resting
78,78,3,resting
77,78,3,resting
76,77,2,resting
78,78,2,resting
79,78,2,resting
77,78,2,resting
76,78,2,resting
68,76,3,resting
80,76,3,resting
76,77,3,resting
79,77,3,resting
80,77,4,resting
79,77,4,resting
80,77,4,resting
77,77,4,resting
79,77,4,resting
80,78,4,resting
67,78,4,resting
80,78,4,resting
78,78,4,resting
68,77,5,resting
81,77,5,resting
80,77,5,resting
82,77,5,resting
76,77,5,resting
75,77,5,resting
75,76,5,resting
74,77,4,resting
74,76,4,resting
77,76,4,resting
78,77,3,resting
79,77,3,resting
76,76,2,resting
78,76,2,resting
77,76,2,resting
79,77,2,resting
83,77,3,resting
78,78,2,resting
75,78,2,resting
78,78,2,resting
79,78,2,resting
77,78,2,resting
76,78,2,resting
70,77,3,resting
70,77,4,resting
75,76,4,resting
72,75,3,resting
71,74,3,resting
72,74,3,resting
78,74,3,resting
76,74,3,resting
76,74,3,resting
74,73,3,resting
76,74,3,resting
75,75,2,resting
75,75,2,resting
77,75,2,resting
82,76,3,resting
78,77,2,resting
70,76,3,resting
76,76,3,resting
67,75,4,resting
80,75,4,resting
70,75,5,resting
72,75,5,resting
73,74,5,resting
73,74,5,resting
78,74,4,resting
78,74,4,resting
78,74,4,resting
80,75,4,resting
81,76,4,resting
64,74,5,resting
72,75,5,resting
80,75,5,resting
81,76,5,resting
80,77,5,resting
74,77,5,resting
76,76,5,resting
82,77,6,resting
66,75,6,resting
79,75,6,resting
80,77,5,resting
73,77,5,resting
81,77,5,resting
73,76,5,resting
67,75,6,resting
82,76,6,resting
83,77,6,resting
66,75,7,resting
78,76,6,resting
84,77,7,resting
66,75,7,resting
66,75,8,resting
63,73,8,resting
79,73,8,resting
71,74,8,resting
80,73,8,resting
83,73,8,resting
83,75,8,resting
82,76,8,resting
83,75,8,resting
81,77,8,resting
85,79,7,resting
68,79,6,resting
83,80,6,resting
85,81,5,resting
79,81,5,resting
76,81,5,resting
65,79,7,resting
79,78,7,resting
76,78,7,resting
80,78,7,resting
82,77,6,resting
79,79,5,resting
80,78,5,resting
83,78,5,resting
83,78,5,resting
81,79,5,resting
74,80,3,resting
77,79,3,resting
79,80,3,resting
75,79,3,resting
74,78,3,resting
79,78,3,resting
76,78,3,resting
79,78,3,resting
77,77,2,resting
76,77,2,resting
72,76,2,resting
76,76,2,resting
79,76,2,resting
67,75,4,resting
74,75,4,resting
67,74,5,resting
70,74,5,resting
84,74,6,resting
83,75,6,resting
71,74,6,resting
70,74,6,resting
74,74,6,resting
76,73,6,resting
78,75,6,resting
83,75,6,resting
73,76,6,resting
71,76,6,resting
74,75,5,resting
73,74,4,resting
73,74,4,resting
75,75,3,resting
72,75,4,resting
74,75,4,resting
79,75,4,resting
79,74,3,resting
77,75,3,resting
81,76,3,resting
75,76,3,resting
74,76,3,resting
80,77,3,resting
77,77,3,resting
72,77,3,resting
75,77,3,resting
84,77,4,resting
81,78,4,resting
75,77,4,resting
77,77,4,resting
69,76,4,resting
65,75,6,resting
64,74,6,resting
79,74,7,resting
70,74,7,resting
66,73,7,resting
83,73,7,resting
65,71,7,resting
73,71,7,resting
80,71,7,resting
75,72,7,resting
75,73,7,resting
78,74,6,resting
76,74,6,resting
78,75,6,resting
76,76,5,resting
73,75,4,resting
73,76,2,resting
80,76,3,resting
78,76,2,resting
75,76,2,resting
75,76,2,resting
74,76,2,resting
76,76,2,resting
81,76,3,resting
73,76,3,resting
75,76,3,resting
74,76,3,resting
75,76,2,resting
76,75,2,resting
75,75,2,resting
74,75,2,resting
76,75,2,resting
69,75,3,resting
75,74,2,resting
78,75,2,resting
73,74,2,resting
68,74,3,resting
67,73,4,resting
68,72,4,resting
65,71,4,resting
67,71,5,resting
76,71,5,resting
77,71,5,resting
73,71,5,resting
71,71,4,resting
74,71,4,resting
72,71,4,resting
80,72,5,resting
77,73,5,resting
76,74,4,resting
81,76,3,resting
69,75,4,resting
78,75,4,resting
82,76,4,resting
78,77,4,resting
74,77,4,resting
75,77,4,resting
83,77,4,resting
81,78,5,resting
80,78,5,resting
75,78,4,resting
76,78,3,resting
73,78,4,resting
72,77,4,resting
73,76,4,resting
80,77,4,resting
70,76,5,resting
71,75,4,resting
73,74,4,resting
72,74,3,resting
69,73,3,resting
70,72,3,resting
79,73,4,resting
74,73,4,resting
73,73,4,resting
71,72,3,resting
77,73,3,resting
79,74,3,resting
74,74,3,resting
80,75,4,resting
81,76,4,resting
76,76,3,resting
78,76,3,resting
73,76,3,resting
72,76,3,resting
73,76,3,resting
70,76,4,resting
76,75,4,resting
80,76,4,resting
73,75,4,resting
73,74,3,resting
77,75,3,resting
69,74,3,resting
72,74,3,resting
79,74,3,resting
77,75,3,resting
73,75,3,resting
73,75,3,resting
75,74,3,resting
76,74,3,resting
84,75,4,resting
68,74,5,resting
78,75,4,resting
73,75,4,resting
80,75,4,resting
75,75,4,resting
70,75,5,resting
68,75,5,resting
67,74,6,resting
69,73,6,resting
71,72,5,resting
75,73,4,resting
70,72,4,resting
72,72,4,resting
71,71,3,resting
73,70,2,resting
77,71,3,resting
77,72,3,resting
74,73,3,resting
79,74,3,resting
74,74,3,resting
81,75,4,resting
77,75,3,resting
72,75,3,resting
74,76,3,resting
77,76,3,resting
73,76,3,resting
74,75,3,resting
73,75,3,resting
73,75,3,resting
77,75,3,resting
75,74,2,resting
74,74,2,resting
71,74,2,resting
73,74,2,resting
77,74,2,resting
77,74,2,resting
79,75,2,resting
78,75,2,resting
77,76,2,resting
72,75,3,resting
72,75,3,resting
66,74,4,resting
80,75,4,resting
69,75,5,resting
70,74,5,resting
74,74,5,resting
70,73,4,resting
74,72,4,resting
72,72,4,resting
76,72,4,resting
81,73,5,resting
79,75,4,resting
77,74,4,resting
81,75,4,resting
77,76,4,resting
79,76,4,resting
73,77,3,resting
75,77,3,resting
72,77,3,resting
77,77,3,resting
77,76,3,resting
74,76,3,resting
74,76,3,resting
72,75,2,resting
76,75,2,resting
70,74,2,resting
73,74,2,resting
78,74,3,resting
73,75,2,resting
72,74,2,resting
79,74,3,resting
71,74,3,resting
77,74,3,resting
78,75,3,resting
80,75,3,resting
74,76,3,resting
77,76,3,resting
76,76,3,resting
74,76,3,resting
71,76,3,resting
76,75,3,resting
79,76,3,resting
84,77,4,resting
70,76,4,resting
73,75,4,resting
76,76,4,resting
67,75,5,resting
65,74,6,resting
69,73,6,resting
71,73,6,resting
71,72,6,resting
75,72,5,resting
83,72,5,resting
82,73,6,resting
77,74,6,resting
72,73,6,resting
67,73,6,resting
77,74,6,resting
81,76,6,resting
77,76,5,resting
78,77,5,resting
75,77,5,resting
79,77,5,resting
78,76,4,resting
77,76,4,resting
76,77,4,resting
73,77,2,resting
79,77,2,resting
83,77,3,resting
82,78,3,resting
80,78,3,resting
82,79,3,resting
70,78,4,resting
63,76,6,resting
79,76,6,resting
63,75,8,resting
61,74,9,resting
68,73,9,resting
78,72,8,resting
79,72,8,resting
79,72,8,resting
71,71,7,resting
64,70,8,resting
80,72,8,resting
77,72,8,resting
77,73,7,resting
80,75,6,resting
80,76,5,resting
76,76,5,resting
73,76,5,resting
72,75,5,resting
78,76,5,resting
83,78,3,resting
82,78,3,resting
81,78,3,resting
77,78,3,resting
82,78,4,resting
69,77,5,resting
71,77,5,resting
79,77,5,resting
77,78,5,resting
72,77,5,resting
76,77,5,resting
80,76,4,resting
80,76,4,resting
73,76,4,resting
71,75,4,resting
70,75,4,resting
74,75,4,resting
79,75,4,resting
72,75,4,resting
81,76,4,resting
84,76,5,resting
83,77,5,resting
79,77,5,resting
84,78,5,resting
83,79,5,resting
81,80,4,resting
79,80,4,resting
78,80,4,resting
73,81,3,resting
79,80,3,resting
78,80,3,resting
81,79,3,resting
77,79,3,resting
77,79,3,resting
77,78,2,resting
77,78,2,resting
67,76,4,resting
77,76,4,resting
78,77,4,resting
74,76,4,resting
75,76,4,resting
69,75,4,resting
71,74,4,resting
70,73,4,resting
64,72,5,resting
72,72,5,resting
66,71,5,resting
67,70,4,resting
72,70,4,resting
74,70,4,resting
69,69,3,resting
81,71,5,resting
74,71,5,resting
76,71,5,resting
77,73,4,resting
77,73,5,resting
76,74,4,resting
76,75,3,resting
71,75,3,resting
72,75,3,resting
74,75,3,resting
70,74,3,resting
73,74,3,resting
71,74,3,resting
73,73,2,resting
72,73,2,resting
74,72,2,resting
73,72,1,resting
71,72,1,resting
74,72,2,resting
72,72,1,resting
71,72,1,resting
76,73,2,resting
77,73,2,resting
73,73,2,resting
75,74,2,resting
76,74,2,resting
76,74,2,resting
68,74,3,resting
70,73,3,resting
71,73,3,resting
72,73,3,resting
69,73,3,resting
78,73,3,resting
72,73,3,resting
68,72,4,resting
70,71,3,resting
70,71,3,resting
70,71,3,resting
76,72,3,resting
75,72,3,resting
78,73,4,resting
74,73,4,resting
71,73,3,resting
72,73,3,resting
68,73,3,resting
72,73,3,resting
80,74,4,resting
78,74,4,resting
76,74,4,resting
79,75,4,resting
68,74,4,resting
76,74,5,resting
74,74,4,resting
75,74,4,resting
80,76,4,resting
76,76,4,resting
78,76,3,resting
80,76,4,resting
79,76,4,resting
78,76,4,resting
74,77,2,resting
74,77,2,resting
76,77,2,resting
75,77,2,resting
75,76,2,resting
76,76,2,resting
72,76,2,resting
68,75,3,resting
69,74,3,resting
74,73,3,resting
78,74,3,resting
73,74,3,resting
69,73,3,resting
73,73,3,resting
78,73,4,resting
73,73,3,resting
70,72,4,resting
71,73,3,resting
73,73,3,resting
68,73,3,resting
68,72,3,resting
74,72,3,resting
75,72,3,resting
81,73,4,resting
80,73,4,resting
69,73,5,resting
73,73,5,resting
75,74,4,resting
72,73,4,resting
71,74,4,resting
74,74,4,resting
73,74,4,resting
71,74,4,resting
75,73,3,resting
78,73,3,resting
75,74,2,resting
75,74,2,resting
76,74,2,resting
79,75,3,resting
77,75,2,resting
80,76,3,resting
76,76,2,resting
74,76,2,resting
76,77,2,resting
79,77,2,resting
81,77,2,resting
74,77,3,resting
72,77,3,resting
70,76,4,resting
77,76,4,resting
67,74,4,resting
80,75,5,resting
82,76,5,resting
83,76,6,resting
79,76,6,resting
79,76,5,resting
75,76,5,resting
76,77,5,resting
80,78,5,resting
73,77,5,resting
81,79,3,resting
78,78,3,resting
77,78,3,resting
80,78,2,resting
80,78,3,resting
80,78,3,resting
79,78,2,resting
76,78,2,resting
79,78,2,resting
75,78,2,resting
77,78,2,resting
76,78,2,resting
79,78,2,resting
79,78,2,resting
81,78,2,resting
75,77,2,resting
70,77,3,resting
74,76,3,resting
78,76,3,resting
78,76,3,resting
74,76,3,resting
72,76,3,resting
76,76,3,resting
79,76,3,resting
79,75,3,resting
80,76,3,resting
81,77,3,resting
69,76,4,resting
67,75,5,resting
70,75,5,resting
73,74,5,resting
77,75,5,resting
78,75,5,resting
78,75,5,resting
79,75,5,resting
78,75,5,resting
82,75,5,resting
78,76,5,resting
80,77,3,resting
80,78,2,resting
82,79,2,resting
80,80,2,resting
79,80,1,resting
80,80,1,resting
73,79,3,resting
76,79,3,resting
69,78,4,resting
66,76,6,resting
71,75,6,resting
77,75,5,resting
75,74,5,resting
69,73,5,resting
77,73,5,resting
77,73,4,resting
70,72,4,resting
77,73,4,resting
80,74,5,resting
76,75,4,resting
77,76,4,resting
79,76,4,resting
77,76,4,resting
75,77,3,resting
80,77,3,resting
80,77,3,resting
82,78,2,resting
73,78,3,resting
68,77,4,resting
69,76,5,resting
69,75,5,resting
77,75,5,resting
80,75,5,resting
79,75,6,resting
71,75,6,resting
78,74,5,resting
82,74,5,resting
81,75,6,resting
82,76,5,resting
74,77,5,resting
79,78,4,resting
70,77,4,resting
75,77,4,resting
79,77,4,resting
80,78,4,resting
76,78,4,resting
79,77,4,resting
73,77,4,resting
76,76,3,resting
78,76,3,resting
76,76,3,resting
76,77,2,resting
78,77,2,resting
77,77,2,resting
76,76,2,resting
75,76,2,resting
81,77,2,resting
81,77,2,resting
79,78,2,resting
79,78,2,resting
81,78,2,resting
80,79,2,resting
79,79,2,resting
80,79,2,resting
79,79,2,resting
75,80,2,resting
78,79,2,resting
78,79,2,resting
79,79,2,resting
83,79,2,resting
81,79,2,resting
83,80,2,resting
76,79,3,resting
76,79,3,resting
73,78,3,resting
68,78,5,resting
71,77,5,resting
80,77,5,resting
79,77,5,resting
74,76,5,resting
74,75,4,resting
71,74,4,resting
78,74,4,resting
79,75,4,resting
81,76,4,resting
80,77,4,resting
80,78,3,resting
80,78,3,resting
76,77,3,resting
66,77,5,resting
68,76,6,resting
79,77,5,resting
81,77,6,resting
71,76,6,resting
77,76,6,resting
65,74,6,resting
75,74,6,resting
76,73,6,resting
77,73,6,resting
80,75,5,resting
79,76,5,resting
79,76,5,resting
71,75,5,resting
64,74,6,resting
78,74,6,resting
79,76,5,resting
81,76,5,resting
78,77,5,resting
80,77,5,resting
72,76,5,resting
81,76,5,resting
74,76,5,resting
78,76,5,resting
80,78,3,resting
73,78,3,resting
72,77,4,resting
75,76,3,resting
81,77,4,resting
77,76,4,resting
76,77,3,resting
75,76,3,resting
78,76,3,resting
74,76,3,resting
76,76,3,resting
79,76,3,resting
71,76,3,resting
78,76,3,resting
80,76,3,resting
75,76,3,resting
75,76,3,resting
76,76,3,resting
77,76,3,resting
78,76,2,resting
83,77,3,resting
76,77,3,resting
78,77,2,resting
78,77,2,resting
75,77,2,resting
77,77,2,resting
82,78,3,resting
80,78,3,resting
81,79,3,resting
82,79,3,resting
68,78,4,resting
79,78,4,resting
74,78,4,resting
65,76,6,resting
73,76,6,resting
69,75,6,resting
69,74,6,resting
68,73,6,resting
78,73,6,resting
72,72,4,resting
67,72,5,resting
67,70,4,resting
81,71,5,resting
78,72,5,resting
66,72,6,resting
80,73,6,resting
80,74,6,resting
80,75,6,resting
81,75,6,resting
80,76,6,resting
81,77,6,resting
76,78,4,resting
77,78,4,resting
75,78,4,resting
84,79,3,resting
83,80,3,resting
80,80,3,resting
76,79,3,resting
68,78,5,resting
68,77,5,resting
76,76,5,resting
74,76,5,resting
66,75,6,resting
79,75,6,resting
83,75,6,resting
71,74,6,resting
68,73,6,resting
69,72,6,resting
77,73,6,resting
72,73,5,resting
80,74,6,resting
80,74,6,resting
76,75,5,resting
80,75,5,resting
70,74,5,resting
73,74,5,resting
82,76,5,resting
78,77,4,resting
69,76,5,resting
74,76,5,resting
82,76,5,resting
80,76,5,resting
68,76,5,resting
81,76,5,resting
73,76,5,resting
76,76,5,resting
76,76,5,resting
69,75,5,resting
83,76,5,resting
85,77,6,resting
79,77,6,resting
80,77,6,resting
84,78,5,resting
83,79,5,resting
76,79,5,resting
76,79,5,resting
77,79,5,resting
78,80,3,resting
76,79,3,resting
73,78,3,resting
70,77,4,resting
77,77,4,resting
72,76,3,resting
69,74,3,resting
67,73,4,resting
66,72,4,resting
67,71,4,resting
66,70,4,resting
67,69,4,resting
68,69,3,resting
68,69,3,resting
72,68,2,resting
70,68,2,resting
71,68,2,resting
71,69,2,resting
71,69,2,resting
71,69,2,resting
71,70,2,resting
76,71,2,resting
75,71,2,resting
72,72,2,resting
70,72,2,resting
73,72,2,resting
73,72,2,resting
68,72,2,resting
68,72,3,resting
72,72,3,resting
70,72,3,resting
69,71,2,resting
66,70,2,resting
65,69,3,resting
66,69,3,resting
67,68,3,resting
66,68,2,resting
66,67,2,resting
67,67,2,resting
68,67,2,resting
66,66,1,resting
65,66,1,resting
65,66,1,resting
65,66,1,resting
67,66,1,resting
66,66,1,resting
67,66,1,resting
69,67,1,resting
66,66,1,resting
66,66,1,resting
67,66,1,resting
67,67,1,resting
69,67,1,resting
68,67,1,resting
69,67,1,resting
69,68,1,resting
71,68,2,resting
67,68,2,resting
65,68,2,resting
68,68,2,resting
75,69,3,resting
61,68,4,resting
77,69,5,resting
75,70,5,resting
68,70,5,resting
67,69,5,resting
66,69,5,resting
68,69,5,resting
67,69,5,resting
67,69,5,resting
64,68,5,resting
67,69,4,resting
70,68,3,resting
66,67,2,resting
68,67,2,resting
65,67,2,resting
64,66,2,resting
68,66,2,resting
71,67,2,resting
72,67,3,resting
67,68,3,resting
72,68,3,resting
69,68,3,resting
69,68,3,resting
75,69,3,resting
75,70,3,resting
75,71,3,resting
75,72,3,resting
76,73,3,resting
73,73,3,resting
71,73,3,resting
69,73,3,resting
68,73,3,resting
66,72,4,resting
64,71,4,resting
67,70,4,resting
68,70,4,resting
72,69,4,resting
70,69,3,resting
65,68,3,resting
81,69,5,resting
75,70,5,resting
82,71,6,resting
74,72,6,resting
74,73,5,resting
72,73,5,resting
74,74,5,resting
73,74,5,resting
75,74,4,resting
81,76,4,resting
70,75,4,resting
66,74,4,resting
70,73,4,resting
82,74,5,resting
83,74,6,resting
75,75,5,resting
74,75,5,resting
79,75,6,resting
81,76,6,resting
76,76,6,resting
76,76,5,resting
77,77,4,resting
75,78,3,resting
74,77,3,resting
73,76,2,resting
78,76,2,resting
80,77,3,resting
74,76,2,resting
78,76,2,resting
80,77,3,resting
75,76,3,resting
72,76,3,resting
76,76,3,resting
74,76,3,resting
83,77,4,resting
81,77,4,resting
75,77,4,resting
80,77,4,resting
70,76,4,resting
74,76,4,resting
63,75,6,resting
75,75,6,resting
77,75,6,resting
79,76,6,resting
81,76,5,resting
79,75,5,resting
80,76,6,resting
73,75,5,resting
66,75,6,resting
69,74,6,resting
72,75,5,resting
74,75,5,resting
78,75,5,resting
70,74,5,resting
76,74,5,resting
76,74,4,resting
71,73,4,resting
70,72,4,resting
70,73,3,resting
71,73,3,resting
75,73,3,resting
79,74,4,resting
78,74,4,resting
83,75,5,resting
77,75,5,resting
81,75,5,resting
80,76,5,resting
76,77,4,resting
73,77,4,resting
73,77,3,resting
73,77,4,resting
72,76,4,resting
70,76,4,resting
75,75,3,resting
70,74,4,resting
70,73,3,resting
69,72,2,resting
69,71,2,resting
68,71,2,resting
69,71,2,resting
69,70,2,resting
68,70,2,resting
67,69,2,resting
68,69,1,resting
75,69,2,resting
65,69,3,resting
79,70,4,resting
80,71,5,resting
74,71,5,resting
69,71,5,resting
82,72,6,resting
74,73,6,resting
74,74,6,resting
75,75,5,resting
74,75,5,resting
69,75,4,resting
67,74,5,resting
71,73,4,resting
67,72,5,resting
69,72,5,resting
68,71,3,resting
73,71,3,resting
68,70,3,resting
68,69,2,resting
68,69,2,resting
72,69,2,resting
72,70,2,resting
67,69,2,resting
69,69,2,resting
71,70,2,resting
68,70,2,resting
73,70,2,resting
71,70,2,resting
76,71,3,resting
81,72,4,resting
76,72,4,resting
72,72,4,resting
70,73,4,resting
68,73,4,resting
68,72,4,resting
67,72,4,resting
71,72,4,resting
70,72,4,resting
66,71,4,resting
70,70,3,resting
73,70,2,resting
70,69,2,resting
71,69,2,resting
69,70,2,resting
69,70,2,resting
71,70,2,resting
73,70,2,resting
71,70,2,resting
75,71,2,resting
70,71,2,resting
70,71,2,resting
73,71,2,resting
68,71,2,resting
74,71,2,resting
68,71,2,resting
67,71,3,resting
69,71,3,resting
66,70,3,resting
62,69,4,resting
72,69,4,resting
77,70,5,resting
76,70,5,resting
77,71,5,resting
80,71,6,resting
79,72,6,resting
84,74,7,resting
76,75,7,resting
71,75,6,resting
78,77,4,resting
75,77,3,resting
75,77,3,resting
72,77,4,resting
74,76,4,resting
74,76,4,resting
75,75,3,resting
73,74,2,resting
75,74,2,resting
64,73,4,resting
66,72,4,resting
71,72,4,resting
77,72,4,resting
75,72,4,resting
74,72,4,resting
73,72,4,resting
71,72,4,resting
76,72,4,resting
73,72,4,resting
81,74,4,resting
72,74,3,resting
71,74,3,resting
76,74,3,resting
72,74,3,resting
69,73,3,resting
73,73,3,resting
72,73,3,resting
81,74,4,resting
82,75,5,resting
73,74,4,resting
79,75,5,resting
78,75,5,resting
73,75,5,resting
79,76,5,resting
71,76,4,resting
73,76,4,resting
75,77,4,resting
69,75,4,resting
82,75,4,resting
78,76,4,resting
73,75,4,resting
73,75,4,resting
74,75,4,resting
73,74,4,resting
73,74,3,resting
73,74,3,resting
73,74,3,resting
73,74,3,resting
68,73,2,resting
69,72,2,resting
81,73,3,resting
63,72,5,resting
64,71,5,resting
69,71,5,resting
67,70,5,resting
67,69,5,resting
66,69,5,resting
69,68,5,resting
75,69,5,resting
77,70,6,resting
76,69,5,resting
75,70,5,resting
70,71,4,resting
78,72,5,resting
76,73,4,resting
69,73,4,resting
70,73,4,resting
68,73,4,resting
71,73,4,resting
71,72,3,resting
73,72,3,resting
64,71,4,resting
65,70,4,resting
68,69,4,resting
68,69,3,resting
68,69,3,resting
68,68,3,resting
79,70,4,resting
71,70,4,resting
67,69,4,resting
69,69,4,resting
74,70,4,resting
71,70,4,resting
66,70,4,resting
67,70,4,resting
68,70,4,resting
65,70,4,resting
67,68,3,resting
68,68,3,resting
69,68,3,resting
67,68,3,resting
69,68,2,resting
72,68,2,resting
69,68,2,resting
72,69,2,resting
72,69,2,resting
73,70,2,resting
66,70,2,resting
65,69,3,resting
70,69,3,resting
67,69,3,resting
71,70,3,resting
70,69,3,resting
74,70,3,resting
66,69,3,resting
71,69,3,resting
66,69,3,resting
72,69,3,resting
70,70,3,resting
75,70,3,resting
65,70,3,resting
69,70,3,resting
68,70,3,resting
68,69,3,resting
68,69,3,resting
67,69,3,resting
66,69,3,resting
72,69,3,resting
63,68,3,resting
75,68,3,resting
73,69,4,resting
76,70,4,resting
69,70,4,resting
76,71,5,resting
76,71,5,resting
72,72,5,resting
70,72,4,resting
77,73,4,resting
70,73,3,resting
71,73,3,resting
79,74,4,resting
69,73,4,resting
71,73,4,resting
70,72,4,resting
75,72,3,resting
76,73,4,resting
82,74,5,resting
79,74,5,resting
70,74,5,resting
75,75,5,resting
73,74,4,resting
76,75,4,resting
76,75,4,resting
72,75,3,resting
72,75,4,resting
77,75,4,resting
70,74,3,resting
72,73,2,resting
75,74,2,resting
79,74,3,resting
73,74,3,resting
69,74,3,resting
72,73,3,resting
75,73,3,resting
83,75,4,resting
65,73,5,resting
65,73,6,resting
67,72,6,resting
68,72,6,resting
73,71,6,resting
74,71,6,resting
71,71,6,resting
75,72,6,resting
77,72,6,resting
74,71,4,resting
71,71,4,resting
67,72,4,resting
69,72,3,resting
69,72,3,resting
69,72,3,resting
67,71,4,resting
72,71,4,resting
66,70,4,resting
66,69,3,resting
70,69,2,resting
70,68,2,resting
72,69,2,resting
70,69,2,resting
71,69,2,resting
70,69,2,resting
74,70,3,resting
73,70,3,resting
73,71,2,resting
71,71,2,resting
71,71,1,resting
69,71,2,resting
69,71,2,resting
70,71,2,resting
70,71,2,resting
71,71,2,resting
71,71,1,resting
73,71,1,resting
73,71,1,resting
72,71,1,resting
73,71,2,resting
72,71,1,resting
71,72,1,resting
72,72,1,resting
72,72,1,resting
73,72,1,resting
73,72,1,resting
71,72,1,resting
71,72,1,resting
71,72,1,resting
71,72,1,resting
71,72,1,resting
72,72,1,resting
73,72,1,resting
74,72,1,resting
79,73,2,resting
80,73,3,resting
71,73,3,resting
72,73,3,resting
70,73,3,resting
72,73,3,resting
71,73,3,resting
77,74,3,resting
67,73,4,resting
75,73,4,resting
67,72,4,resting
67,71,3,resting
71,71,3,resting
75,71,4,resting
75,72,4,resting
74,72,4,resting
74,72,4,resting
77,72,4,resting
69,72,4,resting
72,72,4,resting
77,73,3,resting
68,73,3,resting
74,73,3,resting
67,73,4,resting
67,72,4,resting
74,72,4,resting
74,72,4,resting
72,71,3,resting
71,71,3,resting
71,71,3,resting
69,71,3,resting
69,71,3,resting
71,70,3,resting
70,71,2,resting
70,71,2,resting
69,71,2,resting
68,70,1,resting
69,70,1,resting
71,70,1,resting
77,70,3,resting
72,71,3,resting
80,72,4,resting
76,72,4,resting
72,72,4,resting
73,73,4,resting
74,73,4,resting
69,73,4,resting
72,74,3,resting
75,74,3,resting
68,73,4,resting
68,73,4,resting
76,72,3,resting
69,72,3,resting
72,72,3,resting
78,72,4,resting
71,72,3,resting
78,73,4,resting
73,73,4,resting
75,73,4,resting
75,74,3,resting
74,74,3,resting
76,74,3,resting
73,75,2,resting
76,75,2,resting
81,75,3,resting
67,75,3,resting
76,75,3,resting
70,74,4,resting
70,74,4,resting
65,73,5,resting
67,72,5,resting
63,71,6,resting
80,71,6,resting
80,72,7,resting
76,71,6,resting
75,72,6,resting
72,72,6,resting
71,72,6,resting
72,72,6,resting
71,73,5,resting
70,73,5,resting
70,74,4,resting
76,73,3,resting
75,73,2,resting
74,73,2,resting
74,73,2,resting
70,72,2,resting
68,72,3,resting
69,72,3,resting
79,73,4,resting
70,73,4,resting
69,72,4,resting
70,72,4,resting
76,72,4,resting
75,72,4,resting
77,72,4,resting
68,72,4,resting
75,73,4,resting
75,73,4,resting
71,72,3,resting
69,72,3,resting
71,73,3,resting
69,72,3,resting
70,72,3,resting
75,72,3,resting
73,71,3,resting
67,71,3,resting
71,71,3,resting
69,70,2,resting
69,70,2,resting
71,70,2,resting
74,71,2,resting
72,71,2,resting
70,71,2,resting
71,71,2,resting
72,71,2,resting
69,71,2,resting
69,71,2,resting
66,70,2,resting
78,71,3,resting
67,71,4,resting
74,71,4,resting
65,70,4,resting
68,70,4,resting
74,70,4,resting
65,69,4,resting
67,69,5,resting
74,70,5,resting
72,70,5,resting
71,70,4,resting
78,71,4,resting
75,71,5,resting
64,71,5,resting
69,71,5,resting
69,70,4,resting
77,72,5,resting
72,72,4,resting
69,72,4,resting
70,71,4,resting
75,72,4,resting
80,72,5,resting
70,71,5,resting
70,72,4,resting
74,73,4,resting
73,73,4,resting
73,73,3,resting
70,72,3,resting
72,73,3,resting
71,73,3,resting
70,72,3,resting
74,72,2,resting
63,71,3,resting
78,72,4,resting
70,71,4,resting
68,71,4,resting
73,71,4,resting
73,71,4,resting
65,71,4,resting
69,70,4,resting
67,70,4,resting
67,69,4,resting
66,70,4,resting
64,68,3,resting
63,67,3,resting
72,68,4,resting
64,67,3,resting
69,67,3,resting
67,67,3,resting
65,66,3,resting
70,67,3,resting
81,68,5,resting
67,68,5,resting
76,69,6,resting
73,70,5,resting
77,71,6,resting
73,72,5,resting
65,71,6,resting
77,72,6,resting
80,74,5,resting
72,74,5,resting
76,74,5,resting
61,73,6,resting
79,73,6,resting
67,73,6,resting
63,71,7,resting
78,72,7,resting
70,72,7,resting
65,71,7,resting
79,71,7,resting
67,71,7,resting
78,71,7,resting
76,72,6,resting
75,72,6,resting
75,73,6,resting
80,74,5,resting
70,74,5,resting
71,74,5,resting
69,74,5,resting
70,73,4,resting
77,74,4,resting
71,73,4,resting
64,72,5,resting
68,71,5,resting
65,70,5,resting
60,68,5,resting
65,68,5,resting
73,68,5,resting
64,68,5,resting
78,68,6,resting
81,69,7,resting
70,69,7,resting
65,69,7,resting
75,70,7,resting
64,70,7,resting
68,70,6,resting
70,71,6,resting
69,70,6,resting
62,70,6,resting
69,69,6,resting
64,68,4,resting
65,67,4,resting
71,68,4,resting
68,67,3,resting
68,67,3,resting
70,68,3,resting
76,68,4,resting
72,69,4,resting
67,69,3,resting
66,69,4,resting
74,70,4,resting
70,70,3,resting
67,70,3,resting
64,69,4,resting
63,69,4,resting
73,69,4,resting
75,69,4,resting
73,69,4,resting
77,70,5,resting
70,70,5,resting
73,70,5,resting
75,71,5,resting
84,73,6,resting
74,74,5,resting
78,75,4,resting
81,76,4,resting
69,75,5,resting
69,75,5,resting
76,75,5,resting
81,76,5,resting
70,76,5,resting
72,75,6,resting
80,75,5,resting
73,75,5,resting
85,75,6,resting
81,75,6,resting
82,77,6,resting
70,77,5,resting
76,77,5,resting
70,76,6,resting
64,75,6,resting
72,75,6,resting
74,75,6,resting
85,76,7,resting
82,76,7,resting
81,76,7,resting
67,74,7,resting
71,74,7,resting
74,74,7,resting
75,74,6,resting
71,75,6,resting
81,76,6,resting
73,76,6,resting
84,76,6,resting
71,75,5,resting